mp-id;formula;structure_type;cations;valences;CNs
mp-5126;ZnSO4;mp-5126;['S', 'S', 'S', 'S', 'Zn', 'Zn', 'Zn', 'Zn'];[6, 6, 6, 6, 2, 2, 2, 2];['4', '4', '4', '4', '6', '6', '6', '6']
mp-560670;MgSeO4;mp-5126;['Mg', 'Mg', 'Mg', 'Mg', 'Se', 'Se', 'Se', 'Se'];[2, 2, 2, 2, 6, 6, 6, 6];['6', '6', '6', '6', '4', '4', '4', '4']
mp-22569;InPO4;mp-5126;['P', 'P', 'P', 'P', 'In', 'In', 'In', 'In'];[5, 5, 5, 5, 3, 3, 3, 3];['4', '4', '4', '4', '6', '6', '6', '6']
mp-20525;CuSO4;mp-5126;['S', 'S', 'S', 'S', 'Cu', 'Cu', 'Cu', 'Cu'];[6, 6, 6, 6, 2, 2, 2, 2];['4', '4', '4', '4', '6', '6', '6', '6']
mp-554040;CuSeO4;mp-5126;['Cu', 'Cu', 'Cu', 'Cu', 'Se', 'Se', 'Se', 'Se'];[2, 2, 2, 2, 6, 6, 6, 6];['6', '6', '6', '6', '4', '4', '4', '4']
mp-19077;CrAsO4;mp-5126;['Cr', 'Cr', 'Cr', 'Cr', 'As', 'As', 'As', 'As'];[3, 3, 3, 3, 5, 5, 5, 5];['6', '6', '6', '6', '4', '4', '4', '4']
mp-4967;MgSO4;mp-5126;['Mg', 'Mg', 'Mg', 'Mg', 'S', 'S', 'S', 'S'];[2, 2, 2, 2, 6, 6, 6, 6];['6', '6', '6', '6', '4', '4', '4', '4']
mp-25050;MnSeO4;mp-5126;['Mn', 'Mn', 'Mn', 'Mn', 'Se', 'Se', 'Se', 'Se'];[2, 2, 2, 2, 6, 6, 6, 6];['6', '6', '6', '6', '4', '4', '4', '4']
mp-565794;MnSeO4;mp-565794;['Mn', 'Mn', 'Se', 'Se'];[2, 2, 6, 6];['6', '6', '4', '4']
mp-7566;InPO4;mp-565794;['P', 'P', 'In', 'In'];[5, 5, 3, 3];['4', '4', '6', '6']
mp-565466;NaV(SO4)2;mp-565794;['Na', 'V', 'S', 'S'];[1, 3, 6, 6];['6', '6', '4', '4']
mp-18835;VPO4;mp-565794;['P', 'P', 'V', 'V'];[5, 5, 3, 3];['4', '4', '6', '6']
mp-18906;CrPO4;mp-565794;['P', 'P', 'Cr', 'Cr'];[5, 5, 3, 3];['4', '4', '6', '6']
mp-7572;MgSO4;mp-565794;['Mg', 'Mg', 'S', 'S'];[2, 2, 6, 6];['6', '6', '4', '4']
mp-25006;MnSO4;mp-565794;['S', 'S', 'Mn', 'Mn'];[6, 6, 2, 2];['4', '4', '6', '6']
mp-17841;Mg4Nb2O9;mp-17841;['Mg', 'Mg', 'Mg', 'Mg', 'Mg', 'Mg', 'Mg', 'Mg', 'Nb', 'Nb', 'Nb', 'Nb'];[2, 2, 2, 2, 2, 2, 2, 2, 5, 5, 5, 5];['6', '6', '6', '6', '6', '6', '6', '6', '6', '6', '6', '6']
mp-18937;V2O3;mp-17841;['V', 'V', 'V', 'V'];[3, 3, 3, 3];['6', '6', '6', '6']
mp-3771;MgTiO3;mp-17841;['Mg', 'Mg', 'Ti', 'Ti'];[2, 2, 4, 4];['6', '6', '6', '6']
mp-19399;Cr2O3;mp-17841;['Cr', 'Cr', 'Cr', 'Cr'];[3, 3, 3, 3];['6', '6', '6', '6']
mp-458;Ti2O3;mp-17841;['Ti', 'Ti', 'Ti', 'Ti'];[3, 3, 3, 3];['6', '6', '6', '6']
mp-19082;TiMnO3;mp-17841;['Ti', 'Ti', 'Mn', 'Mn'];[4, 4, 2, 2];['6', '6', '6', '6']
mp-715514;V2O3;mp-17841;['V', 'V', 'V', 'V'];[3, 3, 3, 3];['6', '6', '6', '6']
mp-7000;SiO2;mp-7000;['Si', 'Si', 'Si'];[4, 4, 4];['4', '4', '4']
mp-5331;AlPO4;mp-7000;['Al', 'Al', 'Al', 'P', 'P', 'P'];[3, 3, 3, 5, 5, 5];['4', '4', '4', '4', '4', '4']
mp-6922;SiO2;mp-7000;['Si', 'Si', 'Si'];[4, 4, 4];['4', '4', '4']
mp-5189;AlAsO4;mp-7000;['Al', 'Al', 'Al', 'As', 'As', 'As'];[3, 3, 3, 5, 5, 5];['4', '4', '4', '4', '4', '4']
mp-10851;SiO2;mp-7000;['Si', 'Si', 'Si'];[4, 4, 4];['4', '4', '4']
mp-3955;AlPO4;mp-7000;['Al', 'Al', 'Al', 'P', 'P', 'P'];[3, 3, 3, 5, 5, 5];['4', '4', '4', '4', '4', '4']
mp-560151;AlPO4;mp-7000;['Al', 'Al', 'Al', 'P', 'P', 'P'];[3, 3, 3, 5, 5, 5];['4', '4', '4', '4', '4', '4']
mp-4051;AlPO4;mp-4051;['Al', 'Al', 'P', 'P'];[3, 3, 5, 5];['4', '4', '4', '4']
mp-5046;BeSO4;mp-4051;['Be', 'S'];[2, 6];['4', '4']
mp-8352;SiO2;mp-4051;['Si', 'Si'];[4, 4];['4', '4']
mp-8059;SiO2;mp-4051;['Si', 'Si', 'Si', 'Si', 'Si', 'Si', 'Si', 'Si'];[4, 4, 4, 4, 4, 4, 4, 4];['4', '4', '4', '4', '4', '4', '4', '4']
mp-6945;SiO2;mp-4051;['Si', 'Si', 'Si', 'Si'];[4, 4, 4, 4];['4', '4', '4', '4']
mp-556961;SiO2;mp-4051;['Si', 'Si', 'Si', 'Si', 'Si', 'Si', 'Si', 'Si'];[4, 4, 4, 4, 4, 4, 4, 4];['4', '4', '4', '4', '4', '4', '4', '4']
mp-640524;MnNb2O6;mp-640524;['Mn', 'Mn', 'Mn', 'Mn', 'Nb', 'Nb', 'Nb', 'Nb', 'Nb', 'Nb', 'Nb', 'Nb'];[2, 2, 2, 2, 5, 5, 5, 5, 5, 5, 5, 5];['6', '6', '6', '6', '6', '6', '6', '6', '6', '6', '6', '6']
mp-9595;NbInO4;mp-640524;['Nb', 'Nb', 'In', 'In'];[5, 5, 3, 3];['6', '6', '6', '6']
mp-17177;Nb2ZnO6;mp-640524;['Zn', 'Zn', 'Zn', 'Zn', 'Nb', 'Nb', 'Nb', 'Nb', 'Nb', 'Nb', 'Nb', 'Nb'];[2, 2, 2, 2, 5, 5, 5, 5, 5, 5, 5, 5];['6', '6', '6', '6', '6', '6', '6', '6', '6', '6', '6', '6']
mp-12978;SnO2;mp-640524;['Sn', 'Sn', 'Sn', 'Sn'];[4, 4, 4, 4];['6', '6', '6', '6']
mp-19455;MnMoO4;mp-640524;['Mn', 'Mn', 'Mo', 'Mo'];[2, 2, 6, 6];['6', '6', '6', '6']
mp-17953;MgNb2O6;mp-640524;['Mg', 'Mg', 'Mg', 'Mg', 'Nb', 'Nb', 'Nb', 'Nb', 'Nb', 'Nb', 'Nb', 'Nb'];[2, 2, 2, 2, 5, 5, 5, 5, 5, 5, 5, 5];['6', '6', '6', '6', '6', '6', '6', '6', '6', '6', '6', '6']
mp-5831;Cu(SbO3)2;mp-5831;['Cu', 'Cu', 'Sb', 'Sb', 'Sb', 'Sb'];[2, 2, 5, 5, 5, 5];['6', '6', '6', '6', '6', '6']
mp-24917;Cr2TeO6;mp-5831;['Cr', 'Cr', 'Cr', 'Cr', 'Te', 'Te'];[3, 3, 3, 3, 6, 6];['6', '6', '6', '6', '6', '6']
mp-3188;Zn(SbO3)2;mp-5831;['Zn', 'Zn', 'Sb', 'Sb', 'Sb', 'Sb'];[2, 2, 5, 5, 5, 5];['6', '6', '6', '6', '6', '6']
mp-28447;Mg(BiO3)2;mp-5831;['Mg', 'Mg', 'Bi', 'Bi', 'Bi', 'Bi'];[2, 2, 5, 5, 5, 5];['6', '6', '6', '6', '6', '6']
mp-3653;Mg(SbO3)2;mp-5831;['Mg', 'Mg', 'Sb', 'Sb', 'Sb', 'Sb'];[2, 2, 5, 5, 5, 5];['6', '6', '6', '6', '6', '6']
mp-28931;Ga2TeO6;mp-5831;['Ga', 'Ga', 'Ga', 'Ga', 'Te', 'Te'];[3, 3, 3, 3, 6, 6];['6', '6', '6', '6', '6', '6']
mp-541567;VSbO4;mp-541567;['V', 'V', 'Sb', 'Sb'];[3, 3, 5, 5];['6', '6', '6', '6']
mp-19177;CrO2;mp-541567;['Cr', 'Cr'];[4, 4];['6', '6']
mp-470;GeO2;mp-541567;['Ge', 'Ge'];[4, 4];['6', '6']
mp-856;SnO2;mp-541567;['Sn', 'Sn'];[4, 4];['6', '6']
mp-550172;SnO2;mp-541567;['Sn', 'Sn'];[4, 4];['6', '6']
mp-554944;TiSO5;mp-554944;['Ti', 'Ti', 'Ti', 'Ti', 'S', 'S', 'S', 'S'];[4, 4, 4, 4, 6, 6, 6, 6];['6', '6', '6', '6', '4', '4', '4', '4']
mp-556918;NbPO5;mp-554944;['Nb', 'Nb', 'Nb', 'Nb', 'P', 'P', 'P', 'P'];[5, 5, 5, 5, 5, 5, 5, 5];['6', '6', '6', '6', '4', '4', '4', '4']
mp-5803;NbPO5;mp-554944;['P', 'P', 'P', 'P', 'Nb', 'Nb', 'Nb', 'Nb'];[5, 5, 5, 5, 5, 5, 5, 5];['4', '4', '4', '4', '6', '6', '6', '6']
mp-542453;NbPO5;mp-554944;['Nb', 'Nb', 'Nb', 'Nb', 'Nb', 'Nb', 'Nb', 'Nb', 'P', 'P', 'P', 'P', 'P', 'P', 'P', 'P'];[5, 5, 5, 5, 5, 5, 5, 5, 5, 5, 5, 5, 5, 5, 5, 5];['6', '6', '6', '6', '6', '6', '6', '6', '4', '4', '4', '4', '4', '4', '4', '4']
mp-559283;TiSO5;mp-554944;['Ti', 'Ti', 'Ti', 'Ti', 'Ti', 'Ti', 'Ti', 'Ti', 'Ti', 'Ti', 'Ti', 'Ti', 'Ti', 'Ti', 'Ti', 'Ti', 'S', 'S', 'S', 'S', 'S', 'S', 'S', 'S', 'S', 'S', 'S', 'S', 'S', 'S', 'S', 'S'];[4, 4, 4, 4, 4, 4, 4, 4, 4, 4, 4, 4, 4, 4, 4, 4, 6, 6, 6, 6, 6, 6, 6, 6, 6, 6, 6, 6, 6, 6, 6, 6];['6', '6', '6', '6', '6', '6', '6', '6', '6', '6', '6', '6', '6', '6', '6', '6', '4', '4', '4', '4', '4', '4', '4', '4', '4', '4', '4', '4', '4', '4', '4', '4']
mp-18721;Mn2P2O7;mp-18721;['P', 'P', 'Mn', 'Mn'];[5, 5, 2, 2];['4', '4', '6', '6']
mp-19290;Mn2As2O7;mp-18721;['Mn', 'Mn', 'As', 'As'];[2, 2, 5, 5];['6', '6', '4', '4']
mp-5427;Mg2P2O7;mp-18721;['Mg', 'Mg', 'P', 'P'];[2, 2, 5, 5];['6', '6', '4', '4']
mp-2874;In2Si2O7;mp-18721;['Si', 'Si', 'In', 'In'];[4, 4, 3, 3];['4', '4', '6', '6']
mp-14535;In(PO3)3;mp-14535;['P', 'P', 'P', 'P', 'P', 'P', 'P', 'P', 'P', 'P', 'P', 'P', 'P', 'P', 'P', 'P', 'P', 'P', 'In', 'In', 'In', 'In', 'In', 'In'];[5, 5, 5, 5, 5, 5, 5, 5, 5, 5, 5, 5, 5, 5, 5, 5, 5, 5, 3, 3, 3, 3, 3, 3];['4', '4', '4', '4', '4', '4', '4', '4', '4', '4', '4', '4', '4', '4', '4', '4', '4', '4', '6', '6', '6', '6', '6', '6']
mp-541532;Cr(PO3)3;mp-14535;['P', 'P', 'P', 'P', 'P', 'P', 'P', 'P', 'P', 'P', 'P', 'P', 'P', 'P', 'P', 'P', 'P', 'P', 'Cr', 'Cr', 'Cr', 'Cr', 'Cr', 'Cr'];[5, 5, 5, 5, 5, 5, 5, 5, 5, 5, 5, 5, 5, 5, 5, 5, 5, 5, 3, 3, 3, 3, 3, 3];['4', '4', '4', '4', '4', '4', '4', '4', '4', '4', '4', '4', '4', '4', '4', '4', '4', '4', '6', '6', '6', '6', '6', '6']
mp-542766;Mo(PO3)3;mp-14535;['P', 'P', 'P', 'P', 'P', 'P', 'P', 'P', 'P', 'P', 'P', 'P', 'P', 'P', 'P', 'P', 'P', 'P', 'Mo', 'Mo', 'Mo', 'Mo', 'Mo', 'Mo'];[5, 5, 5, 5, 5, 5, 5, 5, 5, 5, 5, 5, 5, 5, 5, 5, 5, 5, 3, 3, 3, 3, 3, 3];['4', '4', '4', '4', '4', '4', '4', '4', '4', '4', '4', '4', '4', '4', '4', '4', '4', '4', '6', '6', '6', '6', '6', '6']
mp-15560;Ga(PO3)3;mp-14535;['P', 'P', 'P', 'P', 'P', 'P', 'P', 'P', 'P', 'P', 'P', 'P', 'P', 'P', 'P', 'P', 'P', 'P', 'Ga', 'Ga', 'Ga', 'Ga', 'Ga', 'Ga'];[5, 5, 5, 5, 5, 5, 5, 5, 5, 5, 5, 5, 5, 5, 5, 5, 5, 5, 3, 3, 3, 3, 3, 3];['4', '4', '4', '4', '4', '4', '4', '4', '4', '4', '4', '4', '4', '4', '4', '4', '4', '4', '6', '6', '6', '6', '6', '6']
mp-8070;Li2BeSiO4;mp-8070;['Li', 'Li', 'Li', 'Li', 'Be', 'Be', 'Si', 'Si'];[1, 1, 1, 1, 2, 2, 4, 4];['4', '4', '4', '4', '4', '4', '4', '4']
mp-9197;Li3AsO4;mp-8070;['Li', 'Li', 'Li', 'Li', 'Li', 'Li', 'As', 'As'];[1, 1, 1, 1, 1, 1, 5, 5];['4', '4', '4', '4', '4', '4', '4', '4']
mp-2542;BeO;mp-8070;['Be', 'Be'];[2, 2];['4', '4']
mp-13725;Li3PO4;mp-8070;['Li', 'Li', 'Li', 'Li', 'Li', 'Li', 'P', 'P'];[1, 1, 1, 1, 1, 1, 5, 5];['4', '4', '4', '4', '4', '4', '4', '4']
mp-14390;Na3GaP8O23;mp-14390;['Na', 'Na', 'Na', 'Na', 'Na', 'Na', 'Na', 'Na', 'Na', 'Na', 'Na', 'Na', 'P', 'P', 'P', 'P', 'P', 'P', 'P', 'P', 'P', 'P', 'P', 'P', 'P', 'P', 'P', 'P', 'P', 'P', 'P', 'P', 'P', 'P', 'P', 'P', 'P', 'P', 'P', 'P', 'P', 'P', 'P', 'P', 'Ga', 'Ga', 'Ga', 'Ga'];[1, 1, 1, 1, 1, 1, 1, 1, 1, 1, 1, 1, 5, 5, 5, 5, 5, 5, 5, 5, 5, 5, 5, 5, 5, 5, 5, 5, 5, 5, 5, 5, 5, 5, 5, 5, 5, 5, 5, 5, 5, 5, 5, 5, 3, 3, 3, 3];['6', '6', '6', '6', '6', '6', '6', '6', '6', '6', '6', '6', '4', '4', '4', '4', '4', '4', '4', '4', '4', '4', '4', '4', '4', '4', '4', '4', '4', '4', '4', '4', '4', '4', '4', '4', '4', '4', '4', '4', '4', '4', '4', '4', '6', '6', '6', '6']
mp-25116;Na3VP8O23;mp-14390;['Na', 'Na', 'Na', 'Na', 'Na', 'Na', 'Na', 'Na', 'Na', 'Na', 'Na', 'Na', 'P', 'P', 'P', 'P', 'P', 'P', 'P', 'P', 'P', 'P', 'P', 'P', 'P', 'P', 'P', 'P', 'P', 'P', 'P', 'P', 'P', 'P', 'P', 'P', 'P', 'P', 'P', 'P', 'P', 'P', 'P', 'P', 'V', 'V', 'V', 'V'];[1, 1, 1, 1, 1, 1, 1, 1, 1, 1, 1, 1, 5, 5, 5, 5, 5, 5, 5, 5, 5, 5, 5, 5, 5, 5, 5, 5, 5, 5, 5, 5, 5, 5, 5, 5, 5, 5, 5, 5, 5, 5, 5, 5, 3, 3, 3, 3];['6', '6', '6', '6', '6', '6', '6', '6', '6', '6', '6', '6', '4', '4', '4', '4', '4', '4', '4', '4', '4', '4', '4', '4', '4', '4', '4', '4', '4', '4', '4', '4', '4', '4', '4', '4', '4', '4', '4', '4', '4', '4', '4', '4', '6', '6', '6', '6']
mp-24903;Na3CrP8O23;mp-14390;['Na', 'Na', 'Na', 'Na', 'Na', 'Na', 'Na', 'Na', 'Na', 'Na', 'Na', 'Na', 'P', 'P', 'P', 'P', 'P', 'P', 'P', 'P', 'P', 'P', 'P', 'P', 'P', 'P', 'P', 'P', 'P', 'P', 'P', 'P', 'P', 'P', 'P', 'P', 'P', 'P', 'P', 'P', 'P', 'P', 'P', 'P', 'Cr', 'Cr', 'Cr', 'Cr'];[1, 1, 1, 1, 1, 1, 1, 1, 1, 1, 1, 1, 5, 5, 5, 5, 5, 5, 5, 5, 5, 5, 5, 5, 5, 5, 5, 5, 5, 5, 5, 5, 5, 5, 5, 5, 5, 5, 5, 5, 5, 5, 5, 5, 3, 3, 3, 3];['6', '6', '6', '6', '6', '6', '6', '6', '6', '6', '6', '6', '4', '4', '4', '4', '4', '4', '4', '4', '4', '4', '4', '4', '4', '4', '4', '4', '4', '4', '4', '4', '4', '4', '4', '4', '4', '4', '4', '4', '4', '4', '4', '4', '6', '6', '6', '6']
mp-16140;Na3TiP8O23;mp-14390;['Na', 'Na', 'Na', 'Na', 'Na', 'Na', 'Na', 'Na', 'Na', 'Na', 'Na', 'Na', 'P', 'P', 'P', 'P', 'P', 'P', 'P', 'P', 'P', 'P', 'P', 'P', 'P', 'P', 'P', 'P', 'P', 'P', 'P', 'P', 'P', 'P', 'P', 'P', 'P', 'P', 'P', 'P', 'P', 'P', 'P', 'P', 'Ti', 'Ti', 'Ti', 'Ti'];[1, 1, 1, 1, 1, 1, 1, 1, 1, 1, 1, 1, 5, 5, 5, 5, 5, 5, 5, 5, 5, 5, 5, 5, 5, 5, 5, 5, 5, 5, 5, 5, 5, 5, 5, 5, 5, 5, 5, 5, 5, 5, 5, 5, 3, 3, 3, 3];['6', '6', '6', '6', '6', '6', '6', '6', '6', '6', '6', '6', '4', '4', '4', '4', '4', '4', '4', '4', '4', '4', '4', '4', '4', '4', '4', '4', '4', '4', '4', '4', '4', '4', '4', '4', '4', '4', '4', '4', '4', '4', '4', '4', '6', '6', '6', '6']
mp-25154;V(PO3)3;mp-25154;['P', 'P', 'P', 'P', 'P', 'P', 'V', 'V'];[5, 5, 5, 5, 5, 5, 3, 3];['4', '4', '4', '4', '4', '4', '6', '6']
mp-558582;In(PO3)3;mp-25154;['In', 'In', 'P', 'P', 'P', 'P', 'P', 'P'];[3, 3, 5, 5, 5, 5, 5, 5];['6', '6', '4', '4', '4', '4', '4', '4']
mp-566776;Cr(PO3)3;mp-25154;['Cr', 'Cr', 'P', 'P', 'P', 'P', 'P', 'P'];[3, 3, 5, 5, 5, 5, 5, 5];['6', '6', '4', '4', '4', '4', '4', '4']
mp-566761;Cr(PO3)3;mp-25154;['Cr', 'Cr', 'P', 'P', 'P', 'P', 'P', 'P'];[3, 3, 5, 5, 5, 5, 5, 5];['6', '6', '4', '4', '4', '4', '4', '4']
mp-6655;Y2Be2SiO7;mp-6655;['Be', 'Be', 'Be', 'Be', 'Si', 'Si', 'Y', 'Y', 'Y', 'Y'];[2, 2, 2, 2, 4, 4, 3, 3, 3, 3];['4', '4', '4', '4', '4', '4', '8', '8', '8', '8']
mp-6208;Ca2BeSi2O7;mp-6655;['Be', 'Be', 'Si', 'Si', 'Si', 'Si', 'Ca', 'Ca', 'Ca', 'Ca'];[2, 2, 4, 4, 4, 4, 2, 2, 2, 2];['4', '4', '4', '4', '4', '4', '8', '8', '8', '8']
mp-559691;Ca2Al2SiO7;mp-6655;['Ca', 'Ca', 'Ca', 'Ca', 'Al', 'Al', 'Al', 'Al', 'Si', 'Si'];[2, 2, 2, 2, 3, 3, 3, 3, 4, 4];['8', '8', '8', '8', '4', '4', '4', '4', '4', '4']
mp-7404;Na3SbO4;mp-7404;['Na', 'Na', 'Na', 'Na', 'Na', 'Na', 'Sb', 'Sb'];[1, 1, 1, 1, 1, 1, 5, 5];['6', '6', '6', '6', '6', '6', '6', '6']
mp-27345;Na3BiO4;mp-7404;['Na', 'Na', 'Na', 'Na', 'Na', 'Na', 'Bi', 'Bi'];[1, 1, 1, 1, 1, 1, 5, 5];['6', '6', '6', '6', '6', '6', '6', '6']
mp-1265;MgO;mp-7404;['Mg'];[2];['6']
mp-545974;AlPO4;mp-545974;['P', 'Al', 'P', 'Al'];[5, 3, 5, 3];['4', '4', '4', '4']
mp-555235;SiO2;mp-545974;['Si', 'Si', 'Si', 'Si'];[4, 4, 4, 4];['4', '4', '4', '4']
mp-7087;SiO2;mp-545974;['Si', 'Si', 'Si', 'Si'];[4, 4, 4, 4];['4', '4', '4', '4']
mp-5724;AlPO4;mp-5724;['Al', 'Al', 'P', 'P'];[3, 3, 5, 5];['4', '4', '4', '4']
mp-555891;SiO2;mp-5724;['Si', 'Si', 'Si', 'Si'];[4, 4, 4, 4];['4', '4', '4', '4']
mp-7648;SiO2;mp-5724;['Si', 'Si', 'Si', 'Si'];[4, 4, 4, 4];['4', '4', '4', '4']
mp-7601;NbGaO4;mp-7601;['Ga', 'Ga', 'Nb', 'Nb'];[3, 3, 5, 5];['6', '6', '6', '6']
mp-554278;TiO2;mp-7601;['Ti', 'Ti', 'Ti', 'Ti'];[4, 4, 4, 4];['6', '6', '6', '6']
mp-561637;VO2;mp-7601;['V', 'V', 'V', 'V'];[4, 4, 4, 4];['6', '6', '6', '6']
mp-19361;Cr2(SO4)3;mp-19361;['S', 'S', 'S', 'S', 'S', 'S', 'Cr', 'Cr', 'Cr', 'Cr'];[6, 6, 6, 6, 6, 6, 3, 3, 3, 3];['4', '4', '4', '4', '4', '4', '6', '6', '6', '6']
mp-541450;In2(SO4)3;mp-19361;['In', 'In', 'In', 'In', 'S', 'S', 'S', 'S', 'S', 'S'];[3, 3, 3, 3, 6, 6, 6, 6, 6, 6];['6', '6', '6', '6', '4', '4', '4', '4', '4', '4']
mp-541451;Ga2(SO4)3;mp-19361;['Ga', 'Ga', 'Ga', 'Ga', 'S', 'S', 'S', 'S', 'S', 'S'];[3, 3, 3, 3, 6, 6, 6, 6, 6, 6];['6', '6', '6', '6', '4', '4', '4', '4', '4', '4']
mp-667363;AlPO4;mp-667363;['Al', 'Al', 'Al', 'Al', 'Al', 'Al', 'Al', 'Al', 'Al', 'Al', 'Al', 'Al', 'Al', 'Al', 'Al', 'Al', 'Al', 'Al', 'Al', 'Al', 'Al', 'Al', 'Al', 'Al', 'P', 'P', 'P', 'P', 'P', 'P', 'P', 'P', 'P', 'P', 'P', 'P', 'P', 'P', 'P', 'P', 'P', 'P', 'P', 'P', 'P', 'P', 'P', 'P'];[3, 3, 3, 3, 3, 3, 3, 3, 3, 3, 3, 3, 3, 3, 3, 3, 3, 3, 3, 3, 3, 3, 3, 3, 5, 5, 5, 5, 5, 5, 5, 5, 5, 5, 5, 5, 5, 5, 5, 5, 5, 5, 5, 5, 5, 5, 5, 5];['4', '4', '4', '4', '4', '4', '4', '4', '4', '4', '4', '4', '4', '4', '4', '4', '4', '4', '4', '4', '4', '4', '4', '4', '4', '4', '4', '4', '4', '4', '4', '4', '4', '4', '4', '4', '4', '4', '4', '4', '4', '4', '4', '4', '4', '4', '4', '4']
mp-557362;AlPO4;mp-667363;['Al', 'Al', 'Al', 'Al', 'Al', 'Al', 'Al', 'Al', 'Al', 'Al', 'Al', 'Al', 'Al', 'Al', 'Al', 'Al', 'Al', 'Al', 'Al', 'Al', 'Al', 'Al', 'Al', 'Al', 'P', 'P', 'P', 'P', 'P', 'P', 'P', 'P', 'P', 'P', 'P', 'P', 'P', 'P', 'P', 'P', 'P', 'P', 'P', 'P', 'P', 'P', 'P', 'P'];[3, 3, 3, 3, 3, 3, 3, 3, 3, 3, 3, 3, 3, 3, 3, 3, 3, 3, 3, 3, 3, 3, 3, 3, 5, 5, 5, 5, 5, 5, 5, 5, 5, 5, 5, 5, 5, 5, 5, 5, 5, 5, 5, 5, 5, 5, 5, 5];['4', '4', '4', '4', '4', '4', '4', '4', '4', '4', '4', '4', '4', '4', '4', '4', '4', '4', '4', '4', '4', '4', '4', '4', '4', '4', '4', '4', '4', '4', '4', '4', '4', '4', '4', '4', '4', '4', '4', '4', '4', '4', '4', '4', '4', '4', '4', '4']
mp-5859;AlPO4;mp-667363;['Al', 'Al', 'Al', 'Al', 'Al', 'Al', 'Al', 'Al', 'Al', 'Al', 'Al', 'Al', 'P', 'P', 'P', 'P', 'P', 'P', 'P', 'P', 'P', 'P', 'P', 'P'];[3, 3, 3, 3, 3, 3, 3, 3, 3, 3, 3, 3, 5, 5, 5, 5, 5, 5, 5, 5, 5, 5, 5, 5];['4', '4', '4', '4', '4', '4', '4', '4', '4', '4', '4', '4', '4', '4', '4', '4', '4', '4', '4', '4', '4', '4', '4', '4']
mp-774868;ZnP4O11;mp-774868;['Zn', 'Zn', 'Zn', 'Zn', 'P', 'P', 'P', 'P', 'P', 'P', 'P', 'P', 'P', 'P', 'P', 'P', 'P', 'P', 'P', 'P'];[2, 2, 2, 2, 5, 5, 5, 5, 5, 5, 5, 5, 5, 5, 5, 5, 5, 5, 5, 5];['6', '6', '6', '6', '4', '4', '4', '4', '4', '4', '4', '4', '4', '4', '4', '4', '4', '4', '4', '4']
mp-505436;CuP4O11;mp-774868;['Cu', 'Cu', 'Cu', 'Cu', 'P', 'P', 'P', 'P', 'P', 'P', 'P', 'P', 'P', 'P', 'P', 'P', 'P', 'P', 'P', 'P'];[2, 2, 2, 2, 5, 5, 5, 5, 5, 5, 5, 5, 5, 5, 5, 5, 5, 5, 5, 5];['6', '6', '6', '6', '4', '4', '4', '4', '4', '4', '4', '4', '4', '4', '4', '4', '4', '4', '4', '4']
mp-557493;MnP4O11;mp-774868;['Mn', 'Mn', 'Mn', 'Mn', 'P', 'P', 'P', 'P', 'P', 'P', 'P', 'P', 'P', 'P', 'P', 'P', 'P', 'P', 'P', 'P'];[2, 2, 2, 2, 5, 5, 5, 5, 5, 5, 5, 5, 5, 5, 5, 5, 5, 5, 5, 5];['6', '6', '6', '6', '4', '4', '4', '4', '4', '4', '4', '4', '4', '4', '4', '4', '4', '4', '4', '4']
mp-622497;V3O5;mp-622497;['V', 'V', 'V', 'V', 'V', 'V', 'V', 'V', 'V', 'V', 'V', 'V'];[4, 4, 4, 3, 3, 3, 3, 3, 4, 3, 3, 3];['6', '6', '6', '6', '6', '6', '6', '6', '6', '6', '6', '6']
mp-556754;Ti3O5;mp-622497;['Ti', 'Ti', 'Ti', 'Ti', 'Ti', 'Ti'];[3, 3, 3, 3, 4, 4];['6', '6', '6', '6', '6', '6']
mp-19369;Ti2CrO5;mp-622497;['Ti', 'Ti', 'Ti', 'Ti', 'Cr', 'Cr'];[4, 4, 4, 4, 2, 2];['6', '6', '6', '6', '6', '6']
mp-15438;ZnP4O11;mp-15438;['P', 'P', 'P', 'P', 'P', 'P', 'P', 'P', 'P', 'P', 'P', 'P', 'P', 'P', 'P', 'P', 'Zn', 'Zn', 'Zn', 'Zn'];[5, 5, 5, 5, 5, 5, 5, 5, 5, 5, 5, 5, 5, 5, 5, 5, 2, 2, 2, 2];['4', '4', '4', '4', '4', '4', '4', '4', '4', '4', '4', '4', '4', '4', '4', '4', '6', '6', '6', '6']
mp-15437;MgP4O11;mp-15438;['Mg', 'Mg', 'Mg', 'Mg', 'P', 'P', 'P', 'P', 'P', 'P', 'P', 'P', 'P', 'P', 'P', 'P', 'P', 'P', 'P', 'P'];[2, 2, 2, 2, 5, 5, 5, 5, 5, 5, 5, 5, 5, 5, 5, 5, 5, 5, 5, 5];['6', '6', '6', '6', '4', '4', '4', '4', '4', '4', '4', '4', '4', '4', '4', '4', '4', '4', '4', '4']
mp-556495;MnP4O11;mp-15438;['Mn', 'Mn', 'Mn', 'Mn', 'P', 'P', 'P', 'P', 'P', 'P', 'P', 'P', 'P', 'P', 'P', 'P', 'P', 'P', 'P', 'P'];[2, 2, 2, 2, 5, 5, 5, 5, 5, 5, 5, 5, 5, 5, 5, 5, 5, 5, 5, 5];['6', '6', '6', '6', '4', '4', '4', '4', '4', '4', '4', '4', '4', '4', '4', '4', '4', '4', '4', '4']
mp-554631;Sb2(PO4)3;mp-554631;['Sb', 'Sb', 'Sb', 'Sb', 'Sb', 'Sb', 'Sb', 'Sb', 'P', 'P', 'P', 'P', 'P', 'P', 'P', 'P', 'P', 'P', 'P', 'P'];[4, 5, 4, 5, 5, 4, 4, 5, 5, 5, 5, 5, 5, 5, 5, 5, 5, 5, 5, 5];['6', '6', '6', '6', '6', '6', '6', '6', '4', '4', '4', '4', '4', '4', '4', '4', '4', '4', '4', '4']
mp-9209;In2(SO4)3;mp-554631;['S', 'S', 'S', 'S', 'S', 'S', 'S', 'S', 'S', 'S', 'S', 'S', 'In', 'In', 'In', 'In', 'In', 'In', 'In', 'In'];[6, 6, 6, 6, 6, 6, 6, 6, 6, 6, 6, 6, 3, 3, 3, 3, 3, 3, 3, 3];['4', '4', '4', '4', '4', '4', '4', '4', '4', '4', '4', '4', '6', '6', '6', '6', '6', '6', '6', '6']
mp-32518;V2(PO4)3;mp-554631;['P', 'P', 'P', 'P', 'P', 'P', 'P', 'P', 'P', 'P', 'P', 'P', 'V', 'V', 'V', 'V', 'V', 'V', 'V', 'V'];[5, 5, 5, 5, 5, 5, 5, 5, 5, 5, 5, 5, 4, 4, 5, 5, 5, 5, 4, 4];['4', '4', '4', '4', '4', '4', '4', '4', '4', '4', '4', '4', '6', '6', '6', '6', '6', '6', '6', '6']
mp-18220;LiAlSiO4;mp-18220;['Li', 'Li', 'Li', 'Li', 'Li', 'Li', 'Al', 'Al', 'Al', 'Al', 'Al', 'Al', 'Si', 'Si', 'Si', 'Si', 'Si', 'Si'];[1, 1, 1, 1, 1, 1, 3, 3, 3, 3, 3, 3, 4, 4, 4, 4, 4, 4];['4', '4', '4', '4', '4', '4', '4', '4', '4', '4', '4', '4', '4', '4', '4', '4', '4', '4']
mp-3347;Be2SiO4;mp-18220;['Be', 'Be', 'Be', 'Be', 'Be', 'Be', 'Be', 'Be', 'Be', 'Be', 'Be', 'Be', 'Si', 'Si', 'Si', 'Si', 'Si', 'Si'];[2, 2, 2, 2, 2, 2, 2, 2, 2, 2, 2, 2, 4, 4, 4, 4, 4, 4];['4', '4', '4', '4', '4', '4', '4', '4', '4', '4', '4', '4', '4', '4', '4', '4', '4', '4']
mp-4855;Li2SeO4;mp-18220;['Li', 'Li', 'Li', 'Li', 'Li', 'Li', 'Li', 'Li', 'Li', 'Li', 'Li', 'Li', 'Se', 'Se', 'Se', 'Se', 'Se', 'Se'];[1, 1, 1, 1, 1, 1, 1, 1, 1, 1, 1, 1, 6, 6, 6, 6, 6, 6];['4', '4', '4', '4', '4', '4', '4', '4', '4', '4', '4', '4', '4', '4', '4', '4', '4', '4']
mp-5175;NaInO2;mp-5175;['Na', 'In'];[1, 3];['6', '6']
mp-19391;NaVO2;mp-5175;['Na', 'V'];[1, 3];['6', '6']
mp-504946;Nb2P4O15;mp-504946;['Nb', 'Nb', 'Nb', 'Nb', 'P', 'P', 'P', 'P', 'P', 'P', 'P', 'P'];[5, 5, 5, 5, 5, 5, 5, 5, 5, 5, 5, 5];['6', '6', '6', '6', '4', '4', '4', '4', '4', '4', '4', '4']
mp-556760;Nb2P4O15;mp-504946;['Nb', 'Nb', 'Nb', 'Nb', 'P', 'P', 'P', 'P', 'P', 'P', 'P', 'P'];[5, 5, 5, 5, 5, 5, 5, 5, 5, 5, 5, 5];['6', '6', '6', '6', '4', '4', '4', '4', '4', '4', '4', '4']
mp-19477;Mn2Al4Si5O18;mp-19477;['Al', 'Al', 'Al', 'Al', 'Al', 'Al', 'Al', 'Al', 'Si', 'Si', 'Si', 'Si', 'Si', 'Si', 'Si', 'Si', 'Si', 'Si', 'Mn', 'Mn', 'Mn', 'Mn'];[3, 3, 3, 3, 3, 3, 3, 3, 4, 4, 4, 4, 4, 4, 4, 4, 4, 4, 2, 2, 2, 2];['4', '4', '4', '4', '4', '4', '4', '4', '4', '4', '4', '4', '4', '4', '4', '4', '4', '4', '6', '6', '6', '6']
mp-6174;Mg2Al4Si5O18;mp-19477;['Mg', 'Mg', 'Mg', 'Mg', 'Al', 'Al', 'Al', 'Al', 'Al', 'Al', 'Al', 'Al', 'Si', 'Si', 'Si', 'Si', 'Si', 'Si', 'Si', 'Si', 'Si', 'Si'];[2, 2, 2, 2, 3, 3, 3, 3, 3, 3, 3, 3, 4, 4, 4, 4, 4, 4, 4, 4, 4, 4];['6', '6', '6', '6', '4', '4', '4', '4', '4', '4', '4', '4', '4', '4', '4', '4', '4', '4', '4', '4', '4', '4']
mp-27273;Ti9O17;mp-27273;['Ti', 'Ti', 'Ti', 'Ti', 'Ti', 'Ti', 'Ti', 'Ti', 'Ti', 'Ti', 'Ti', 'Ti', 'Ti', 'Ti', 'Ti', 'Ti', 'Ti', 'Ti'];[4, 4, 3, 3, 4, 4, 4, 4, 4, 4, 4, 4, 4, 4, 4, 4, 3, 3];['6', '6', '6', '6', '6', '6', '6', '6', '6', '6', '6', '6', '6', '6', '6', '6', '6', '6']
mp-565758;V9O17;mp-27273;['V', 'V', 'V', 'V', 'V', 'V', 'V', 'V', 'V', 'V', 'V', 'V', 'V', 'V', 'V', 'V', 'V', 'V'];[4, 4, 4, 4, 4, 3, 4, 4, 4, 4, 4, 3, 4, 3, 4, 4, 4, 3];['6', '6', '6', '6', '6', '6', '6', '6', '6', '6', '6', '6', '6', '6', '6', '6', '6', '6']
mp-560521;Be(PO3)2;mp-560521;['Be', 'Be', 'Be', 'Be', 'P', 'P', 'P', 'P', 'P', 'P', 'P', 'P'];[2, 2, 2, 2, 5, 5, 5, 5, 5, 5, 5, 5];['4', '4', '4', '4', '4', '4', '4', '4', '4', '4', '4', '4']
mp-559872;SiO2;mp-560521;['Si', 'Si', 'Si', 'Si', 'Si', 'Si', 'Si', 'Si', 'Si', 'Si', 'Si', 'Si'];[4, 4, 4, 4, 4, 4, 4, 4, 4, 4, 4, 4];['4', '4', '4', '4', '4', '4', '4', '4', '4', '4', '4', '4']
mp-554159;Li2BeSiO4;mp-554159;['Li', 'Li', 'Li', 'Li', 'Be', 'Be', 'Si', 'Si'];[1, 1, 1, 1, 2, 2, 4, 4];['4', '4', '4', '4', '4', '4', '4', '4']
mp-7599;BeO;mp-554159;['Be', 'Be', 'Be', 'Be'];[2, 2, 2, 2];['4', '4', '4', '4']
mp-21947;Ce(SO4)2;mp-21947;['S', 'S', 'S', 'S', 'S', 'S', 'S', 'S', 'S', 'S', 'S', 'S', 'S', 'S', 'S', 'S', 'Ce', 'Ce', 'Ce', 'Ce', 'Ce', 'Ce', 'Ce', 'Ce'];[6, 6, 6, 6, 6, 6, 6, 6, 6, 6, 6, 6, 6, 6, 6, 6, 4, 4, 4, 4, 4, 4, 4, 4];['4', '4', '4', '4', '4', '4', '4', '4', '4', '4', '4', '4', '4', '4', '4', '4', '8', '8', '8', '8', '8', '8', '8', '8']
mp-21838;Ce(SeO4)2;mp-21947;['Se', 'Se', 'Se', 'Se', 'Se', 'Se', 'Se', 'Se', 'Se', 'Se', 'Se', 'Se', 'Se', 'Se', 'Se', 'Se', 'Ce', 'Ce', 'Ce', 'Ce', 'Ce', 'Ce', 'Ce', 'Ce'];[6, 6, 6, 6, 6, 6, 6, 6, 6, 6, 6, 6, 6, 6, 6, 6, 4, 4, 4, 4, 4, 4, 4, 4];['4', '4', '4', '4', '4', '4', '4', '4', '4', '4', '4', '4', '4', '4', '4', '4', '8', '8', '8', '8', '8', '8', '8', '8']
mp-558351;SiO2;mp-558351;['Si', 'Si', 'Si', 'Si', 'Si', 'Si', 'Si', 'Si', 'Si', 'Si', 'Si', 'Si'];[4, 4, 4, 4, 4, 4, 4, 4, 4, 4, 4, 4];['4', '4', '4', '4', '4', '4', '4', '4', '4', '4', '4', '4']
mp-557881;SiO2;mp-558351;['Si', 'Si', 'Si', 'Si', 'Si', 'Si', 'Si', 'Si', 'Si', 'Si', 'Si', 'Si'];[4, 4, 4, 4, 4, 4, 4, 4, 4, 4, 4, 4];['4', '4', '4', '4', '4', '4', '4', '4', '4', '4', '4', '4']
mp-12630;MgSeO4;mp-12630;['Mg', 'Mg', 'Se', 'Se'];[2, 2, 6, 6];['6', '6', '4', '4']
mp-554109;CuSeO4;mp-12630;['Cu', 'Cu', 'Se', 'Se'];[2, 2, 6, 6];['6', '6', '4', '4']
mp-556218;SiO2;mp-556218;['Si', 'Si', 'Si', 'Si', 'Si', 'Si', 'Si', 'Si', 'Si', 'Si', 'Si', 'Si'];[4, 4, 4, 4, 4, 4, 4, 4, 4, 4, 4, 4];['4', '4', '4', '4', '4', '4', '4', '4', '4', '4', '4', '4']
mp-560826;SiO2;mp-556218;['Si', 'Si', 'Si', 'Si', 'Si', 'Si', 'Si', 'Si', 'Si', 'Si', 'Si', 'Si'];[4, 4, 4, 4, 4, 4, 4, 4, 4, 4, 4, 4];['4', '4', '4', '4', '4', '4', '4', '4', '4', '4', '4', '4']
mp-19279;Li2MnO2;mp-19279;['Li', 'Li', 'Mn'];[1, 1, 2];['4', '4', '6']
mp-1968;La2O3;mp-19279;['La', 'La'];[3, 3];['8', '8']
mp-558444;Mn(PO3)2;mp-558444;['Mn', 'Mn', 'Mn', 'Mn', 'P', 'P', 'P', 'P', 'P', 'P', 'P', 'P'];[2, 2, 2, 2, 5, 5, 5, 5, 5, 5, 5, 5];['6', '6', '6', '6', '4', '4', '4', '4', '4', '4', '4', '4']
mp-18620;Mg(PO3)2;mp-558444;['Mg', 'Mg', 'Mg', 'Mg', 'P', 'P', 'P', 'P', 'P', 'P', 'P', 'P'];[2, 2, 2, 2, 5, 5, 5, 5, 5, 5, 5, 5];['6', '6', '6', '6', '4', '4', '4', '4', '4', '4', '4', '4']
mp-25043;Mn(SbO3)2;mp-25043;['Mn', 'Mn', 'Mn', 'Sb', 'Sb', 'Sb', 'Sb', 'Sb', 'Sb'];[2, 2, 2, 5, 5, 5, 5, 5, 5];['6', '6', '6', '6', '6', '6', '6', '6', '6']
mp-504908;In2TeO6;mp-25043;['In', 'In', 'In', 'In', 'In', 'In', 'Te', 'Te', 'Te'];[3, 3, 3, 3, 3, 3, 6, 6, 6];['6', '6', '6', '6', '6', '6', '6', '6', '6']
mp-560998;SiO2;mp-560998;['Si', 'Si', 'Si', 'Si', 'Si', 'Si', 'Si', 'Si', 'Si', 'Si', 'Si', 'Si', 'Si', 'Si', 'Si', 'Si', 'Si', 'Si'];[4, 4, 4, 4, 4, 4, 4, 4, 4, 4, 4, 4, 4, 4, 4, 4, 4, 4];['4', '4', '4', '4', '4', '4', '4', '4', '4', '4', '4', '4', '4', '4', '4', '4', '4', '4']
mp-558326;SiO2;mp-560998;['Si', 'Si', 'Si', 'Si', 'Si', 'Si', 'Si', 'Si', 'Si', 'Si', 'Si', 'Si', 'Si', 'Si', 'Si', 'Si', 'Si', 'Si', 'Si', 'Si', 'Si', 'Si', 'Si', 'Si', 'Si', 'Si', 'Si', 'Si', 'Si', 'Si', 'Si', 'Si', 'Si', 'Si', 'Si', 'Si'];[4, 4, 4, 4, 4, 4, 4, 4, 4, 4, 4, 4, 4, 4, 4, 4, 4, 4, 4, 4, 4, 4, 4, 4, 4, 4, 4, 4, 4, 4, 4, 4, 4, 4, 4, 4];['4', '4', '4', '4', '4', '4', '4', '4', '4', '4', '4', '4', '4', '4', '4', '4', '4', '4', '4', '4', '4', '4', '4', '4', '4', '4', '4', '4', '4', '4', '4', '4', '4', '4', '4', '4']
mp-2895;Mg2SiO4;mp-2895;['Mg', 'Mg', 'Mg', 'Mg', 'Mg', 'Mg', 'Mg', 'Mg', 'Si', 'Si', 'Si', 'Si'];[2, 2, 2, 2, 2, 2, 2, 2, 4, 4, 4, 4];['6', '6', '6', '6', '6', '6', '6', '6', '4', '4', '4', '4']
mp-18928;Mn2SiO4;mp-2895;['Si', 'Si', 'Si', 'Si', 'Mn', 'Mn', 'Mn', 'Mn', 'Mn', 'Mn', 'Mn', 'Mn'];[4, 4, 4, 4, 2, 2, 2, 2, 2, 2, 2, 2];['4', '4', '4', '4', '6', '6', '6', '6', '6', '6', '6', '6']
mp-32486;VPO5;mp-32486;['P', 'P', 'P', 'P', 'V', 'V', 'V', 'V'];[5, 5, 5, 5, 5, 5, 5, 5];['4', '4', '4', '4', '6', '6', '6', '6']
mp-25625;VSO5;mp-32486;['S', 'S', 'S', 'S', 'V', 'V', 'V', 'V'];[6, 6, 6, 6, 4, 4, 4, 4];['4', '4', '4', '4', '6', '6', '6', '6']
mp-4321;MgSiO3;mp-4321;['Mg', 'Mg', 'Mg', 'Mg', 'Si', 'Si', 'Si', 'Si'];[2, 2, 2, 2, 4, 4, 4, 4];['6', '6', '6', '6', '4', '4', '4', '4']
mp-3470;MgSiO3;mp-4321;['Mg', 'Mg', 'Mg', 'Mg', 'Mg', 'Mg', 'Mg', 'Mg', 'Si', 'Si', 'Si', 'Si', 'Si', 'Si', 'Si', 'Si'];[2, 2, 2, 2, 2, 2, 2, 2, 4, 4, 4, 4, 4, 4, 4, 4];['6', '6', '6', '6', '6', '6', '6', '6', '4', '4', '4', '4', '4', '4', '4', '4']
mp-554267;SiO2;mp-554267;['Si', 'Si', 'Si', 'Si', 'Si', 'Si', 'Si', 'Si', 'Si', 'Si', 'Si', 'Si', 'Si', 'Si', 'Si', 'Si'];[4, 4, 4, 4, 4, 4, 4, 4, 4, 4, 4, 4, 4, 4, 4, 4];['4', '4', '4', '4', '4', '4', '4', '4', '4', '4', '4', '4', '4', '4', '4', '4']
mp-553897;Ba2Si3O8;mp-553897;['Ba', 'Ba', 'Ba', 'Ba', 'Ba', 'Ba', 'Ba', 'Ba', 'Si', 'Si', 'Si', 'Si', 'Si', 'Si', 'Si', 'Si', 'Si', 'Si', 'Si', 'Si'];[2, 2, 2, 2, 2, 2, 2, 2, 4, 4, 4, 4, 4, 4, 4, 4, 4, 4, 4, 4];['8', '8', '8', '8', '8', '8', '8', '8', '4', '4', '4', '4', '4', '4', '4', '4', '4', '4', '4', '4']
mp-8602;SiO2;mp-8602;['Si', 'Si', 'Si', 'Si', 'Si', 'Si', 'Si', 'Si', 'Si', 'Si', 'Si', 'Si', 'Si', 'Si', 'Si', 'Si', 'Si', 'Si', 'Si', 'Si', 'Si', 'Si', 'Si', 'Si', 'Si', 'Si', 'Si', 'Si', 'Si', 'Si', 'Si', 'Si', 'Si', 'Si'];[4, 4, 4, 4, 4, 4, 4, 4, 4, 4, 4, 4, 4, 4, 4, 4, 4, 4, 4, 4, 4, 4, 4, 4, 4, 4, 4, 4, 4, 4, 4, 4, 4, 4];['4', '4', '4', '4', '4', '4', '4', '4', '4', '4', '4', '4', '4', '4', '4', '4', '4', '4', '4', '4', '4', '4', '4', '4', '4', '4', '4', '4', '4', '4', '4', '4', '4', '4']
mp-667310;AlPO4;mp-667310;['Al', 'Al', 'Al', 'Al', 'Al', 'Al', 'Al', 'Al', 'Al', 'Al', 'Al', 'Al', 'Al', 'Al', 'Al', 'Al', 'Al', 'Al', 'P', 'P', 'P', 'P', 'P', 'P', 'P', 'P', 'P', 'P', 'P', 'P', 'P', 'P', 'P', 'P', 'P', 'P'];[3, 3, 3, 3, 3, 3, 3, 3, 3, 3, 3, 3, 3, 3, 3, 3, 3, 3, 5, 5, 5, 5, 5, 5, 5, 5, 5, 5, 5, 5, 5, 5, 5, 5, 5, 5];['4', '4', '4', '4', '4', '4', '4', '4', '4', '4', '4', '4', '4', '4', '4', '4', '4', '4', '4', '4', '4', '4', '4', '4', '4', '4', '4', '4', '4', '4', '4', '4', '4', '4', '4', '4']
mp-16964;SiO2;mp-16964;['Si', 'Si', 'Si', 'Si', 'Si', 'Si', 'Si', 'Si', 'Si', 'Si', 'Si', 'Si'];[4, 4, 4, 4, 4, 4, 4, 4, 4, 4, 4, 4];['4', '4', '4', '4', '4', '4', '4', '4', '4', '4', '4', '4']
mp-8230;Zn(PO3)2;mp-8230;['P', 'P', 'P', 'P', 'Zn', 'Zn'];[5, 5, 5, 5, 2, 2];['4', '4', '4', '4', '6', '6']
mp-579128;MoSO6;mp-579128;['Mo', 'Mo', 'Mo', 'Mo', 'Mo', 'Mo', 'Mo', 'Mo', 'Mo', 'Mo', 'Mo', 'Mo', 'S', 'S', 'S', 'S', 'S', 'S', 'S', 'S', 'S', 'S', 'S', 'S'];[6, 6, 6, 6, 6, 6, 6, 6, 6, 6, 6, 6, 6, 6, 6, 6, 6, 6, 6, 6, 6, 6, 6, 6];['6', '6', '6', '6', '6', '6', '6', '6', '6', '6', '6', '6', '4', '4', '4', '4', '4', '4', '4', '4', '4', '4', '4', '4']
mp-510554;Nb12O29;mp-510554;['Nb', 'Nb', 'Nb', 'Nb', 'Nb', 'Nb', 'Nb', 'Nb', 'Nb', 'Nb', 'Nb', 'Nb'];[5, 5, 4, 5, 5, 5, 5, 5, 4, 5, 5, 5];['6', '6', '6', '6', '6', '6', '6', '6', '6', '6', '6', '6']
mp-559145;AlPO4;mp-559145;['Al', 'Al', 'Al', 'Al', 'Al', 'Al', 'Al', 'Al', 'Al', 'Al', 'Al', 'Al', 'Al', 'Al', 'Al', 'Al', 'Al', 'Al', 'Al', 'Al', 'Al', 'Al', 'Al', 'Al', 'P', 'P', 'P', 'P', 'P', 'P', 'P', 'P', 'P', 'P', 'P', 'P', 'P', 'P', 'P', 'P', 'P', 'P', 'P', 'P', 'P', 'P', 'P', 'P'];[3, 3, 3, 3, 3, 3, 3, 3, 3, 3, 3, 3, 3, 3, 3, 3, 3, 3, 3, 3, 3, 3, 3, 3, 5, 5, 5, 5, 5, 5, 5, 5, 5, 5, 5, 5, 5, 5, 5, 5, 5, 5, 5, 5, 5, 5, 5, 5];['4', '4', '4', '4', '4', '4', '4', '4', '4', '4', '4', '4', '4', '4', '4', '4', '4', '4', '4', '4', '4', '4', '4', '4', '4', '4', '4', '4', '4', '4', '4', '4', '4', '4', '4', '4', '4', '4', '4', '4', '4', '4', '4', '4', '4', '4', '4', '4']
mp-567080;V4O7;mp-567080;['V', 'V', 'V', 'V', 'V', 'V', 'V', 'V'];[4, 4, 4, 3, 3, 3, 3, 4];['6', '6', '6', '6', '6', '6', '6', '6']
mp-19239;Mg6MnO8;mp-19239;['Mg', 'Mg', 'Mg', 'Mg', 'Mg', 'Mg', 'Mn'];[2, 2, 2, 2, 2, 2, 4];['6', '6', '6', '6', '6', '6', '6']
mp-18280;SiO2;mp-18280;['Si', 'Si', 'Si', 'Si', 'Si', 'Si', 'Si', 'Si', 'Si', 'Si', 'Si', 'Si'];[4, 4, 4, 4, 4, 4, 4, 4, 4, 4, 4, 4];['4', '4', '4', '4', '4', '4', '4', '4', '4', '4', '4', '4']
mp-600054;SiO2;mp-600054;['Si', 'Si', 'Si', 'Si', 'Si', 'Si', 'Si', 'Si', 'Si', 'Si', 'Si', 'Si', 'Si', 'Si', 'Si', 'Si', 'Si', 'Si', 'Si', 'Si', 'Si', 'Si', 'Si', 'Si', 'Si', 'Si', 'Si', 'Si', 'Si', 'Si', 'Si', 'Si', 'Si', 'Si', 'Si', 'Si', 'Si', 'Si', 'Si', 'Si', 'Si', 'Si', 'Si', 'Si', 'Si', 'Si', 'Si', 'Si', 'Si', 'Si', 'Si', 'Si', 'Si', 'Si', 'Si', 'Si', 'Si', 'Si', 'Si', 'Si', 'Si', 'Si', 'Si', 'Si'];[4, 4, 4, 4, 4, 4, 4, 4, 4, 4, 4, 4, 4, 4, 4, 4, 4, 4, 4, 4, 4, 4, 4, 4, 4, 4, 4, 4, 4, 4, 4, 4, 4, 4, 4, 4, 4, 4, 4, 4, 4, 4, 4, 4, 4, 4, 4, 4, 4, 4, 4, 4, 4, 4, 4, 4, 4, 4, 4, 4, 4, 4, 4, 4];['4', '4', '4', '4', '4', '4', '4', '4', '4', '4', '4', '4', '4', '4', '4', '4', '4', '4', '4', '4', '4', '4', '4', '4', '4', '4', '4', '4', '4', '4', '4', '4', '4', '4', '4', '4', '4', '4', '4', '4', '4', '4', '4', '4', '4', '4', '4', '4', '4', '4', '4', '4', '4', '4', '4', '4', '4', '4', '4', '4', '4', '4', '4', '4']
mp-644923;SiO2;mp-644923;['Si', 'Si', 'Si', 'Si', 'Si', 'Si', 'Si', 'Si', 'Si', 'Si', 'Si', 'Si', 'Si', 'Si', 'Si', 'Si', 'Si', 'Si', 'Si', 'Si', 'Si', 'Si', 'Si', 'Si', 'Si', 'Si', 'Si', 'Si', 'Si', 'Si', 'Si', 'Si', 'Si', 'Si', 'Si', 'Si', 'Si', 'Si', 'Si', 'Si', 'Si', 'Si', 'Si', 'Si', 'Si', 'Si', 'Si', 'Si'];[4, 4, 4, 4, 4, 4, 4, 4, 4, 4, 4, 4, 4, 4, 4, 4, 4, 4, 4, 4, 4, 4, 4, 4, 4, 4, 4, 4, 4, 4, 4, 4, 4, 4, 4, 4, 4, 4, 4, 4, 4, 4, 4, 4, 4, 4, 4, 4];['4', '4', '4', '4', '4', '4', '4', '4', '4', '4', '4', '4', '4', '4', '4', '4', '4', '4', '4', '4', '4', '4', '4', '4', '4', '4', '4', '4', '4', '4', '4', '4', '4', '4', '4', '4', '4', '4', '4', '4', '4', '4', '4', '4', '4', '4', '4', '4']
mp-2552;TeO3;mp-2552;['Te', 'Te'];[6, 6];['6', '6']
mp-560941;SiO2;mp-560941;['Si', 'Si', 'Si', 'Si', 'Si', 'Si', 'Si', 'Si', 'Si', 'Si', 'Si', 'Si', 'Si', 'Si', 'Si', 'Si', 'Si', 'Si', 'Si', 'Si', 'Si', 'Si', 'Si', 'Si', 'Si', 'Si', 'Si', 'Si', 'Si', 'Si', 'Si', 'Si'];[4, 4, 4, 4, 4, 4, 4, 4, 4, 4, 4, 4, 4, 4, 4, 4, 4, 4, 4, 4, 4, 4, 4, 4, 4, 4, 4, 4, 4, 4, 4, 4];['4', '4', '4', '4', '4', '4', '4', '4', '4', '4', '4', '4', '4', '4', '4', '4', '4', '4', '4', '4', '4', '4', '4', '4', '4', '4', '4', '4', '4', '4', '4', '4']
mp-561181;SiO2;mp-561181;['Si', 'Si', 'Si', 'Si', 'Si', 'Si', 'Si', 'Si', 'Si', 'Si', 'Si', 'Si', 'Si', 'Si', 'Si', 'Si', 'Si', 'Si', 'Si', 'Si', 'Si', 'Si', 'Si', 'Si', 'Si', 'Si', 'Si', 'Si'];[4, 4, 4, 4, 4, 4, 4, 4, 4, 4, 4, 4, 4, 4, 4, 4, 4, 4, 4, 4, 4, 4, 4, 4, 4, 4, 4, 4];['4', '4', '4', '4', '4', '4', '4', '4', '4', '4', '4', '4', '4', '4', '4', '4', '4', '4', '4', '4', '4', '4', '4', '4', '4', '4', '4', '4']
mp-821;NbO2;mp-821;['Nb', 'Nb', 'Nb', 'Nb', 'Nb', 'Nb', 'Nb', 'Nb', 'Nb', 'Nb', 'Nb', 'Nb', 'Nb', 'Nb', 'Nb', 'Nb'];[4, 4, 4, 4, 4, 4, 4, 4, 4, 4, 4, 4, 4, 4, 4, 4];['6', '6', '6', '6', '6', '6', '6', '6', '6', '6', '6', '6', '6', '6', '6', '6']
mp-27588;Be(PO3)2;mp-27588;['Be', 'Be', 'Be', 'Be', 'P', 'P', 'P', 'P', 'P', 'P', 'P', 'P'];[2, 2, 2, 2, 5, 5, 5, 5, 5, 5, 5, 5];['4', '4', '4', '4', '4', '4', '4', '4', '4', '4', '4', '4']
mp-5834;MgSiO3;mp-5834;['Mg', 'Mg', 'Mg', 'Mg', 'Mg', 'Mg', 'Mg', 'Mg', 'Mg', 'Mg', 'Mg', 'Mg', 'Mg', 'Mg', 'Mg', 'Mg', 'Si', 'Si', 'Si', 'Si', 'Si', 'Si', 'Si', 'Si', 'Si', 'Si', 'Si', 'Si', 'Si', 'Si', 'Si', 'Si'];[2, 2, 2, 2, 2, 2, 2, 2, 2, 2, 2, 2, 2, 2, 2, 2, 4, 4, 4, 4, 4, 4, 4, 4, 4, 4, 4, 4, 4, 4, 4, 4];['6', '6', '6', '6', '6', '6', '6', '6', '6', '6', '6', '6', '6', '6', '6', '6', '4', '4', '4', '4', '4', '4', '4', '4', '4', '4', '4', '4', '4', '4', '4', '4']
mp-15397;Ti7Al2O15;mp-15397;['Al', 'Al', 'Ti', 'Ti', 'Ti', 'Ti', 'Ti', 'Ti', 'Ti'];[3, 3, 3, 3, 3, 3, 4, 4, 4];['4', '4', '6', '6', '6', '6', '6', '6', '6']
mp-557146;TiAs2O7;mp-557146;['Ti', 'Ti', 'As', 'As', 'As', 'As'];[4, 4, 5, 5, 5, 5];['6', '6', '4', '4', '4', '4']
mp-579631;V4(P2O7)3;mp-579631;['V', 'V', 'V', 'V', 'V', 'V', 'V', 'V', 'V', 'V', 'V', 'V', 'V', 'V', 'V', 'V', 'P', 'P', 'P', 'P', 'P', 'P', 'P', 'P', 'P', 'P', 'P', 'P', 'P', 'P', 'P', 'P', 'P', 'P', 'P', 'P', 'P', 'P', 'P', 'P'];[3, 3, 3, 3, 3, 3, 3, 3, 3, 3, 3, 3, 3, 3, 3, 3, 5, 5, 5, 5, 5, 5, 5, 5, 5, 5, 5, 5, 5, 5, 5, 5, 5, 5, 5, 5, 5, 5, 5, 5];['6', '6', '6', '6', '6', '6', '6', '6', '6', '6', '6', '6', '6', '6', '6', '6', '4', '4', '4', '4', '4', '4', '4', '4', '4', '4', '4', '4', '4', '4', '4', '4', '4', '4', '4', '4', '4', '4', '4', '4']
mp-566876;Mn(PO3)3;mp-566876;['Mn', 'Mn', 'Mn', 'Mn', 'P', 'P', 'P', 'P', 'P', 'P', 'P', 'P', 'P', 'P', 'P', 'P'];[3, 3, 3, 3, 5, 5, 5, 5, 5, 5, 5, 5, 5, 5, 5, 5];['6', '6', '6', '6', '4', '4', '4', '4', '4', '4', '4', '4', '4', '4', '4', '4']
mp-733790;SiO2;mp-733790;['Si', 'Si', 'Si', 'Si', 'Si', 'Si', 'Si', 'Si', 'Si', 'Si', 'Si', 'Si', 'Si', 'Si', 'Si', 'Si', 'Si', 'Si', 'Si', 'Si', 'Si', 'Si', 'Si', 'Si'];[4, 4, 4, 4, 4, 4, 4, 4, 4, 4, 4, 4, 4, 4, 4, 4, 4, 4, 4, 4, 4, 4, 4, 4];['4', '4', '4', '4', '4', '4', '4', '4', '4', '4', '4', '4', '4', '4', '4', '4', '4', '4', '4', '4', '4', '4', '4', '4']
mp-560623;Mg3(PO4)2;mp-560623;['Mg', 'Mg', 'Mg', 'Mg', 'Mg', 'Mg', 'P', 'P', 'P', 'P'];[2, 2, 2, 2, 2, 2, 5, 5, 5, 5];['6', '6', '6', '6', '6', '6', '4', '4', '4', '4']
mp-19540;Mo8O23;mp-19540;['Mo', 'Mo', 'Mo', 'Mo', 'Mo', 'Mo', 'Mo', 'Mo', 'Mo', 'Mo', 'Mo', 'Mo', 'Mo', 'Mo', 'Mo', 'Mo'];[6, 6, 6, 6, 6, 6, 6, 6, 6, 6, 6, 6, 5, 5, 5, 5];['6', '6', '6', '6', '6', '6', '6', '6', '6', '6', '6', '6', '6', '6', '6', '6']
mp-1470;Nb12O29;mp-1470;['Nb', 'Nb', 'Nb', 'Nb', 'Nb', 'Nb', 'Nb', 'Nb', 'Nb', 'Nb', 'Nb', 'Nb', 'Nb', 'Nb', 'Nb', 'Nb', 'Nb', 'Nb', 'Nb', 'Nb', 'Nb', 'Nb', 'Nb', 'Nb'];[5, 5, 5, 5, 5, 5, 5, 5, 5, 5, 5, 5, 5, 5, 5, 5, 4, 4, 4, 4, 5, 5, 5, 5];['6', '6', '6', '6', '6', '6', '6', '6', '6', '6', '6', '6', '6', '6', '6', '6', '6', '6', '6', '6', '6', '6', '6', '6']
mp-551283;Na2Cu2TeO6;mp-551283;['Cu', 'Na', 'Na', 'Cu', 'Te'];[2, 1, 1, 2, 6];['6', '6', '6', '6', '6']
mp-558713;LiAlSiO4;mp-558713;['Li', 'Li', 'Li', 'Al', 'Al', 'Al', 'Si', 'Si', 'Si'];[1, 1, 1, 3, 3, 3, 4, 4, 4];['4', '4', '4', '4', '4', '4', '4', '4', '4']
mp-561027;AlPO4;mp-561027;['Al', 'Al', 'Al', 'Al', 'Al', 'Al', 'Al', 'Al', 'Al', 'Al', 'Al', 'Al', 'Al', 'Al', 'Al', 'Al', 'P', 'P', 'P', 'P', 'P', 'P', 'P', 'P', 'P', 'P', 'P', 'P', 'P', 'P', 'P', 'P'];[3, 3, 3, 3, 3, 3, 3, 3, 3, 3, 3, 3, 3, 3, 3, 3, 5, 5, 5, 5, 5, 5, 5, 5, 5, 5, 5, 5, 5, 5, 5, 5];['4', '4', '4', '4', '4', '4', '4', '4', '4', '4', '4', '4', '4', '4', '4', '4', '4', '4', '4', '4', '4', '4', '4', '4', '4', '4', '4', '4', '4', '4', '4', '4']
mp-18856;MoO3;mp-18856;['Mo', 'Mo', 'Mo', 'Mo', 'Mo', 'Mo', 'Mo', 'Mo'];[6, 6, 6, 6, 6, 6, 6, 6];['6', '6', '6', '6', '6', '6', '6', '6']
mp-646720;V2Cu(PO5)2;mp-646720;['V', 'V', 'V', 'V', 'V', 'V', 'V', 'V', 'V', 'V', 'V', 'V', 'V', 'V', 'V', 'V', 'Cu', 'Cu', 'Cu', 'Cu', 'Cu', 'Cu', 'Cu', 'Cu', 'P', 'P', 'P', 'P', 'P', 'P', 'P', 'P', 'P', 'P', 'P', 'P', 'P', 'P', 'P', 'P'];[4, 4, 4, 4, 4, 4, 4, 4, 4, 4, 4, 4, 4, 4, 4, 4, 2, 2, 2, 2, 2, 2, 2, 2, 5, 5, 5, 5, 5, 5, 5, 5, 5, 5, 5, 5, 5, 5, 5, 5];['6', '6', '6', '6', '6', '6', '6', '6', '6', '6', '6', '6', '6', '6', '6', '6', '6', '6', '6', '6', '6', '6', '6', '6', '4', '4', '4', '4', '4', '4', '4', '4', '4', '4', '4', '4', '4', '4', '4', '4']
mp-19326;MnO2;mp-19326;['Mn', 'Mn', 'Mn', 'Mn'];[4, 4, 4, 4];['6', '6', '6', '6']
mp-651707;SiO2;mp-651707;['Si', 'Si', 'Si', 'Si', 'Si', 'Si', 'Si', 'Si', 'Si', 'Si', 'Si', 'Si', 'Si', 'Si', 'Si', 'Si', 'Si', 'Si', 'Si', 'Si', 'Si', 'Si', 'Si', 'Si', 'Si', 'Si', 'Si', 'Si'];[4, 4, 4, 4, 4, 4, 4, 4, 4, 4, 4, 4, 4, 4, 4, 4, 4, 4, 4, 4, 4, 4, 4, 4, 4, 4, 4, 4];['4', '4', '4', '4', '4', '4', '4', '4', '4', '4', '4', '4', '4', '4', '4', '4', '4', '4', '4', '4', '4', '4', '4', '4', '4', '4', '4', '4']
mp-707977;AlPO4;mp-707977;['Al', 'Al', 'Al', 'Al', 'Al', 'Al', 'P', 'P', 'P', 'P', 'P', 'P'];[3, 3, 3, 3, 3, 3, 5, 5, 5, 5, 5, 5];['4', '4', '4', '4', '4', '4', '4', '4', '4', '4', '4', '4']
mp-585492;Li2MgMn3O8;mp-585492;['Li', 'Li', 'Li', 'Li', 'Li', 'Li', 'Li', 'Li', 'Mg', 'Mg', 'Mg', 'Mg', 'Mn', 'Mn', 'Mn', 'Mn', 'Mn', 'Mn', 'Mn', 'Mn', 'Mn', 'Mn', 'Mn', 'Mn'];[1, 1, 1, 1, 1, 1, 1, 1, 2, 2, 2, 2, 4, 4, 4, 4, 4, 4, 4, 4, 4, 4, 4, 4];['4', '4', '4', '4', '4', '4', '4', '4', '6', '6', '6', '6', '6', '6', '6', '6', '6', '6', '6', '6', '6', '6', '6', '6']
mp-560064;SiO2;mp-560064;['Si', 'Si', 'Si', 'Si', 'Si', 'Si', 'Si', 'Si', 'Si', 'Si', 'Si', 'Si', 'Si', 'Si', 'Si', 'Si', 'Si', 'Si', 'Si', 'Si', 'Si', 'Si', 'Si', 'Si', 'Si', 'Si', 'Si', 'Si', 'Si', 'Si', 'Si', 'Si'];[4, 4, 4, 4, 4, 4, 4, 4, 4, 4, 4, 4, 4, 4, 4, 4, 4, 4, 4, 4, 4, 4, 4, 4, 4, 4, 4, 4, 4, 4, 4, 4];['4', '4', '4', '4', '4', '4', '4', '4', '4', '4', '4', '4', '4', '4', '4', '4', '4', '4', '4', '4', '4', '4', '4', '4', '4', '4', '4', '4', '4', '4', '4', '4']
mp-11623;LaInO3;mp-11623;['In', 'In', 'In', 'In', 'La', 'La', 'La', 'La'];[3, 3, 3, 3, 3, 3, 3, 3];['6', '6', '6', '6', '9', '9', '9', '9']
mp-558088;AlPO4;mp-558088;['Al', 'Al', 'Al', 'Al', 'Al', 'Al', 'Al', 'Al', 'Al', 'Al', 'Al', 'Al', 'Al', 'Al', 'Al', 'Al', 'Al', 'Al', 'P', 'P', 'P', 'P', 'P', 'P', 'P', 'P', 'P', 'P', 'P', 'P', 'P', 'P', 'P', 'P', 'P', 'P'];[3, 3, 3, 3, 3, 3, 3, 3, 3, 3, 3, 3, 3, 3, 3, 3, 3, 3, 5, 5, 5, 5, 5, 5, 5, 5, 5, 5, 5, 5, 5, 5, 5, 5, 5, 5];['4', '4', '4', '4', '4', '4', '4', '4', '4', '4', '4', '4', '4', '4', '4', '4', '4', '4', '4', '4', '4', '4', '4', '4', '4', '4', '4', '4', '4', '4', '4', '4', '4', '4', '4', '4']
mp-561351;SiO2;mp-561351;['Si', 'Si', 'Si', 'Si', 'Si', 'Si', 'Si', 'Si', 'Si', 'Si', 'Si', 'Si', 'Si', 'Si', 'Si', 'Si', 'Si', 'Si', 'Si', 'Si', 'Si', 'Si', 'Si', 'Si'];[4, 4, 4, 4, 4, 4, 4, 4, 4, 4, 4, 4, 4, 4, 4, 4, 4, 4, 4, 4, 4, 4, 4, 4];['4', '4', '4', '4', '4', '4', '4', '4', '4', '4', '4', '4', '4', '4', '4', '4', '4', '4', '4', '4', '4', '4', '4', '4']
mp-557057;NbO2;mp-557057;['Nb', 'Nb', 'Nb', 'Nb', 'Nb', 'Nb', 'Nb', 'Nb'];[4, 4, 4, 4, 4, 4, 4, 4];['6', '6', '6', '6', '6', '6', '6', '6']
mp-557933;SiO2;mp-557933;['Si', 'Si', 'Si', 'Si', 'Si', 'Si', 'Si', 'Si', 'Si', 'Si', 'Si', 'Si', 'Si', 'Si', 'Si', 'Si', 'Si', 'Si', 'Si', 'Si', 'Si', 'Si', 'Si', 'Si'];[4, 4, 4, 4, 4, 4, 4, 4, 4, 4, 4, 4, 4, 4, 4, 4, 4, 4, 4, 4, 4, 4, 4, 4];['4', '4', '4', '4', '4', '4', '4', '4', '4', '4', '4', '4', '4', '4', '4', '4', '4', '4', '4', '4', '4', '4', '4', '4']
mp-558025;SiO2;mp-558025;['Si', 'Si', 'Si', 'Si', 'Si', 'Si', 'Si', 'Si', 'Si', 'Si', 'Si', 'Si', 'Si', 'Si', 'Si', 'Si', 'Si', 'Si', 'Si', 'Si', 'Si', 'Si', 'Si', 'Si', 'Si', 'Si', 'Si', 'Si', 'Si', 'Si', 'Si', 'Si', 'Si', 'Si', 'Si', 'Si'];[4, 4, 4, 4, 4, 4, 4, 4, 4, 4, 4, 4, 4, 4, 4, 4, 4, 4, 4, 4, 4, 4, 4, 4, 4, 4, 4, 4, 4, 4, 4, 4, 4, 4, 4, 4];['4', '4', '4', '4', '4', '4', '4', '4', '4', '4', '4', '4', '4', '4', '4', '4', '4', '4', '4', '4', '4', '4', '4', '4', '4', '4', '4', '4', '4', '4', '4', '4', '4', '4', '4', '4']
mp-2878;Li3PO4;mp-2878;['Li', 'Li', 'Li', 'Li', 'Li', 'Li', 'Li', 'Li', 'Li', 'Li', 'Li', 'Li', 'P', 'P', 'P', 'P'];[1, 1, 1, 1, 1, 1, 1, 1, 1, 1, 1, 1, 5, 5, 5, 5];['4', '4', '4', '4', '4', '4', '4', '4', '4', '4', '4', '4', '4', '4', '4', '4']
mp-15960;Li5AlO4;mp-15960;['Li', 'Li', 'Li', 'Li', 'Li', 'Li', 'Li', 'Li', 'Li', 'Li', 'Li', 'Li', 'Li', 'Li', 'Li', 'Li', 'Li', 'Li', 'Li', 'Li', 'Li', 'Li', 'Li', 'Li', 'Li', 'Li', 'Li', 'Li', 'Li', 'Li', 'Li', 'Li', 'Li', 'Li', 'Li', 'Li', 'Li', 'Li', 'Li', 'Li', 'Al', 'Al', 'Al', 'Al', 'Al', 'Al', 'Al', 'Al'];[1, 1, 1, 1, 1, 1, 1, 1, 1, 1, 1, 1, 1, 1, 1, 1, 1, 1, 1, 1, 1, 1, 1, 1, 1, 1, 1, 1, 1, 1, 1, 1, 1, 1, 1, 1, 1, 1, 1, 1, 3, 3, 3, 3, 3, 3, 3, 3];['4', '4', '4', '4', '4', '4', '4', '4', '4', '4', '4', '4', '4', '4', '4', '4', '4', '4', '4', '4', '4', '4', '4', '4', '4', '4', '4', '4', '4', '4', '4', '4', '4', '4', '4', '4', '4', '4', '4', '4', '4', '4', '4', '4', '4', '4', '4', '4']
mp-557604;AlPO4;mp-557604;['Al', 'Al', 'Al', 'Al', 'Al', 'Al', 'P', 'P', 'P', 'P', 'P', 'P'];[3, 3, 3, 3, 3, 3, 5, 5, 5, 5, 5, 5];['4', '4', '4', '4', '4', '4', '4', '4', '4', '4', '4', '4']
mp-554755;SiO2;mp-554755;['Si', 'Si', 'Si', 'Si', 'Si', 'Si', 'Si', 'Si', 'Si', 'Si', 'Si', 'Si', 'Si', 'Si', 'Si', 'Si', 'Si', 'Si', 'Si', 'Si', 'Si', 'Si', 'Si', 'Si', 'Si', 'Si', 'Si', 'Si', 'Si', 'Si', 'Si', 'Si'];[4, 4, 4, 4, 4, 4, 4, 4, 4, 4, 4, 4, 4, 4, 4, 4, 4, 4, 4, 4, 4, 4, 4, 4, 4, 4, 4, 4, 4, 4, 4, 4];['4', '4', '4', '4', '4', '4', '4', '4', '4', '4', '4', '4', '4', '4', '4', '4', '4', '4', '4', '4', '4', '4', '4', '4', '4', '4', '4', '4', '4', '4', '4', '4']
mp-4591;SrNb2O6;mp-4591;['Sr', 'Sr', 'Sr', 'Sr', 'Nb', 'Nb', 'Nb', 'Nb', 'Nb', 'Nb', 'Nb', 'Nb'];[2, 2, 2, 2, 5, 5, 5, 5, 5, 5, 5, 5];['9', '9', '9', '9', '6', '6', '6', '6', '6', '6', '6', '6']
mp-585483;SiMoP3O11;mp-585483;['Si', 'Si', 'Si', 'Si', 'Mo', 'Mo', 'Mo', 'Mo', 'P', 'P', 'P', 'P', 'P', 'P', 'P', 'P', 'P', 'P', 'P', 'P'];[4, 4, 4, 4, 3, 3, 3, 3, 5, 5, 5, 5, 5, 5, 5, 5, 5, 5, 5, 5];['4', '4', '4', '4', '6', '6', '6', '6', '4', '4', '4', '4', '4', '4', '4', '4', '4', '4', '4', '4']
mp-560155;SiO2;mp-560155;['Si', 'Si', 'Si', 'Si', 'Si', 'Si', 'Si', 'Si', 'Si', 'Si', 'Si', 'Si', 'Si', 'Si', 'Si', 'Si', 'Si', 'Si'];[4, 4, 4, 4, 4, 4, 4, 4, 4, 4, 4, 4, 4, 4, 4, 4, 4, 4];['4', '4', '4', '4', '4', '4', '4', '4', '4', '4', '4', '4', '4', '4', '4', '4', '4', '4']
mp-560920;SiO2;mp-560920;['Si', 'Si', 'Si', 'Si', 'Si', 'Si', 'Si', 'Si', 'Si', 'Si', 'Si', 'Si', 'Si', 'Si', 'Si', 'Si', 'Si', 'Si', 'Si', 'Si', 'Si', 'Si', 'Si', 'Si', 'Si', 'Si', 'Si', 'Si', 'Si', 'Si', 'Si', 'Si'];[4, 4, 4, 4, 4, 4, 4, 4, 4, 4, 4, 4, 4, 4, 4, 4, 4, 4, 4, 4, 4, 4, 4, 4, 4, 4, 4, 4, 4, 4, 4, 4];['4', '4', '4', '4', '4', '4', '4', '4', '4', '4', '4', '4', '4', '4', '4', '4', '4', '4', '4', '4', '4', '4', '4', '4', '4', '4', '4', '4', '4', '4', '4', '4']
mp-505177;TiIn2O5;mp-505177;['In', 'In', 'In', 'In', 'In', 'In', 'In', 'In', 'Ti', 'Ti', 'Ti', 'Ti'];[3, 3, 3, 3, 3, 3, 3, 3, 4, 4, 4, 4];['6', '6', '6', '6', '6', '6', '6', '6', '6', '6', '6', '6']
mp-566845;Cr(PO3)3;mp-566845;['Cr', 'Cr', 'Cr', 'Cr', 'P', 'P', 'P', 'P', 'P', 'P', 'P', 'P', 'P', 'P', 'P', 'P'];[3, 3, 3, 3, 5, 5, 5, 5, 5, 5, 5, 5, 5, 5, 5, 5];['6', '6', '6', '6', '4', '4', '4', '4', '4', '4', '4', '4', '4', '4', '4', '4']
mp-560809;SiO2;mp-560809;['Si', 'Si', 'Si', 'Si', 'Si', 'Si', 'Si', 'Si', 'Si', 'Si', 'Si', 'Si', 'Si', 'Si', 'Si', 'Si', 'Si', 'Si', 'Si', 'Si', 'Si', 'Si', 'Si', 'Si'];[4, 4, 4, 4, 4, 4, 4, 4, 4, 4, 4, 4, 4, 4, 4, 4, 4, 4, 4, 4, 4, 4, 4, 4];['4', '4', '4', '4', '4', '4', '4', '4', '4', '4', '4', '4', '4', '4', '4', '4', '4', '4', '4', '4', '4', '4', '4', '4']
mp-25023;Mn2Si(P2O7)2;mp-25023;['Si', 'Si', 'P', 'P', 'P', 'P', 'P', 'P', 'P', 'P', 'Mn', 'Mn', 'Mn', 'Mn'];[4, 4, 5, 5, 5, 5, 5, 5, 5, 5, 2, 2, 2, 2];['4', '4', '4', '4', '4', '4', '4', '4', '4', '4', '6', '6', '6', '6']
mp-17196;TiAs2O7;mp-17196;['Ti', 'Ti', 'Ti', 'Ti', 'As', 'As', 'As', 'As', 'As', 'As', 'As', 'As'];[4, 4, 4, 4, 5, 5, 5, 5, 5, 5, 5, 5];['6', '6', '6', '6', '4', '4', '4', '4', '4', '4', '4', '4']
mp-3427;LiAlO2;mp-3427;['Li', 'Li', 'Li', 'Li', 'Al', 'Al', 'Al', 'Al'];[1, 1, 1, 1, 3, 3, 3, 3];['4', '4', '4', '4', '4', '4', '4', '4']
mp-31050;Cl2O7;mp-31050;['Cl', 'Cl', 'Cl', 'Cl'];[7, 7, 7, 7];['4', '4', '4', '4']
mp-621864;Si4Mo2P4O23;mp-621864;['Si', 'Si', 'Si', 'Si', 'Mo', 'Mo', 'P', 'P', 'P', 'P'];[4, 4, 4, 4, 5, 5, 5, 5, 5, 5];['4', '4', '4', '4', '6', '6', '4', '4', '4', '4']
mp-8057;Ti3O5;mp-8057;['Ti', 'Ti', 'Ti', 'Ti', 'Ti', 'Ti'];[4, 4, 3, 3, 3, 3];['6', '6', '6', '6', '6', '6']
mp-558115;SiO2;mp-558115;['Si', 'Si', 'Si', 'Si', 'Si', 'Si', 'Si', 'Si', 'Si', 'Si', 'Si', 'Si', 'Si', 'Si', 'Si', 'Si', 'Si', 'Si', 'Si', 'Si', 'Si', 'Si', 'Si', 'Si', 'Si', 'Si', 'Si', 'Si', 'Si', 'Si', 'Si', 'Si', 'Si', 'Si', 'Si', 'Si', 'Si', 'Si', 'Si', 'Si'];[4, 4, 4, 4, 4, 4, 4, 4, 4, 4, 4, 4, 4, 4, 4, 4, 4, 4, 4, 4, 4, 4, 4, 4, 4, 4, 4, 4, 4, 4, 4, 4, 4, 4, 4, 4, 4, 4, 4, 4];['4', '4', '4', '4', '4', '4', '4', '4', '4', '4', '4', '4', '4', '4', '4', '4', '4', '4', '4', '4', '4', '4', '4', '4', '4', '4', '4', '4', '4', '4', '4', '4', '4', '4', '4', '4', '4', '4', '4', '4']
mp-27608;Be4TeO7;mp-27608;['Be', 'Be', 'Be', 'Be', 'Te'];[2, 2, 2, 2, 6];['4', '4', '4', '4', '6']
mp-644514;MnO2;mp-644514;['Mn', 'Mn', 'Mn'];[4, 4, 4];['6', '6', '6']
mp-558056;AlPO4;mp-558056;['Al', 'Al', 'Al', 'Al', 'Al', 'Al', 'Al', 'Al', 'Al', 'Al', 'P', 'P', 'P', 'P', 'P', 'P', 'P', 'P', 'P', 'P'];[3, 3, 3, 3, 3, 3, 3, 3, 3, 3, 5, 5, 5, 5, 5, 5, 5, 5, 5, 5];['4', '4', '4', '4', '4', '4', '4', '4', '4', '4', '4', '4', '4', '4', '4', '4', '4', '4', '4', '4']
mp-554273;AlPO4;mp-554273;['Al', 'Al', 'Al', 'Al', 'Al', 'Al', 'Al', 'Al', 'Al', 'Al', 'Al', 'Al', 'Al', 'Al', 'Al', 'Al', 'P', 'P', 'P', 'P', 'P', 'P', 'P', 'P', 'P', 'P', 'P', 'P', 'P', 'P', 'P', 'P'];[3, 3, 3, 3, 3, 3, 3, 3, 3, 3, 3, 3, 3, 3, 3, 3, 5, 5, 5, 5, 5, 5, 5, 5, 5, 5, 5, 5, 5, 5, 5, 5];['4', '4', '4', '4', '4', '4', '4', '4', '4', '4', '4', '4', '4', '4', '4', '4', '4', '4', '4', '4', '4', '4', '4', '4', '4', '4', '4', '4', '4', '4', '4', '4']
mp-704102;MoSO6;mp-704102;['Mo', 'Mo', 'Mo', 'Mo', 'Mo', 'Mo', 'Mo', 'Mo', 'Mo', 'Mo', 'Mo', 'Mo', 'Mo', 'Mo', 'Mo', 'Mo', 'Mo', 'Mo', 'Mo', 'Mo', 'Mo', 'Mo', 'Mo', 'Mo', 'S', 'S', 'S', 'S', 'S', 'S', 'S', 'S', 'S', 'S', 'S', 'S', 'S', 'S', 'S', 'S', 'S', 'S', 'S', 'S', 'S', 'S', 'S', 'S'];[6, 6, 6, 6, 6, 6, 6, 6, 6, 6, 6, 6, 6, 6, 6, 6, 6, 6, 6, 6, 6, 6, 6, 6, 6, 6, 6, 6, 6, 6, 6, 6, 6, 6, 6, 6, 6, 6, 6, 6, 6, 6, 6, 6, 6, 6, 6, 6];['6', '6', '6', '6', '6', '6', '6', '6', '6', '6', '6', '6', '6', '6', '6', '6', '6', '6', '6', '6', '6', '6', '6', '6', '4', '4', '4', '4', '4', '4', '4', '4', '4', '4', '4', '4', '4', '4', '4', '4', '4', '4', '4', '4', '4', '4', '4', '4']
mp-9750;SbPO5;mp-9750;['P', 'P', 'Sb', 'Sb'];[5, 5, 5, 5];['4', '4', '6', '6']
mp-7535;Li5AlO4;mp-7535;['Li', 'Li', 'Li', 'Li', 'Li', 'Li', 'Li', 'Li', 'Li', 'Li', 'Al', 'Al'];[1, 1, 1, 1, 1, 1, 1, 1, 1, 1, 3, 3];['4', '4', '4', '4', '4', '4', '4', '4', '4', '4', '4', '4']
mp-3031;BaSi2O5;mp-3031;['Si', 'Si', 'Si', 'Si', 'Si', 'Si', 'Si', 'Si', 'Ba', 'Ba', 'Ba', 'Ba'];[4, 4, 4, 4, 4, 4, 4, 4, 2, 2, 2, 2];['4', '4', '4', '4', '4', '4', '4', '4', '8', '8', '8', '8']
mp-504870;V2S2O11;mp-504870;['S', 'S', 'S', 'S', 'S', 'S', 'S', 'S', 'V', 'V', 'V', 'V', 'V', 'V', 'V', 'V'];[6, 6, 6, 6, 6, 6, 6, 6, 5, 5, 5, 5, 5, 5, 5, 5];['4', '4', '4', '4', '4', '4', '4', '4', '6', '6', '6', '6', '6', '6', '6', '6']
mp-22420;CuTeO4;mp-22420;['Cu', 'Cu', 'Cu', 'Cu', 'Te', 'Te', 'Te', 'Te'];[2, 2, 2, 2, 6, 6, 6, 6];['6', '6', '6', '6', '6', '6', '6', '6']
mp-557842;AlPO4;mp-557842;['Al', 'Al', 'Al', 'Al', 'Al', 'Al', 'Al', 'Al', 'Al', 'Al', 'P', 'P', 'P', 'P', 'P', 'P', 'P', 'P', 'P', 'P'];[3, 3, 3, 3, 3, 3, 3, 3, 3, 3, 5, 5, 5, 5, 5, 5, 5, 5, 5, 5];['4', '4', '4', '4', '4', '4', '4', '4', '4', '4', '4', '4', '4', '4', '4', '4', '4', '4', '4', '4']
mp-25631;VP2O7;mp-25631;['P', 'P', 'P', 'P', 'V', 'V'];[5, 5, 5, 5, 4, 4];['4', '4', '4', '4', '6', '6']
mp-566179;VPO5;mp-566179;['V', 'V', 'P', 'P'];[5, 5, 5, 5];['6', '6', '4', '4']
mp-565320;V8O15;mp-565320;['V', 'V', 'V', 'V', 'V', 'V', 'V', 'V', 'V', 'V', 'V', 'V', 'V', 'V', 'V', 'V'];[4, 4, 4, 4, 4, 4, 3, 4, 4, 3, 4, 3, 4, 4, 3, 4];['6', '6', '6', '6', '6', '6', '6', '6', '6', '6', '6', '6', '6', '6', '6', '6']
mp-556262;SiO2;mp-556262;['Si', 'Si', 'Si', 'Si', 'Si', 'Si', 'Si', 'Si', 'Si', 'Si', 'Si', 'Si', 'Si', 'Si', 'Si', 'Si'];[4, 4, 4, 4, 4, 4, 4, 4, 4, 4, 4, 4, 4, 4, 4, 4];['4', '4', '4', '4', '4', '4', '4', '4', '4', '4', '4', '4', '4', '4', '4', '4']
mp-4086;La2Sn2O7;mp-4086;['Sn', 'Sn', 'Sn', 'Sn', 'La', 'La', 'La', 'La'];[4, 4, 4, 4, 3, 3, 3, 3];['6', '6', '6', '6', '8', '8', '8', '8']
mp-4117;Li2Si2O5;mp-4117;['Li', 'Li', 'Li', 'Li', 'Si', 'Si', 'Si', 'Si'];[1, 1, 1, 1, 4, 4, 4, 4];['4', '4', '4', '4', '4', '4', '4', '4']
mp-2452;P2O5;mp-2452;['P', 'P', 'P', 'P'];[5, 5, 5, 5];['4', '4', '4', '4']
mp-540688;SrIn2O4;mp-540688;['Sr', 'Sr', 'Sr', 'Sr', 'In', 'In', 'In', 'In', 'In', 'In', 'In', 'In'];[2, 2, 2, 2, 3, 3, 3, 3, 3, 3, 3, 3];['9', '9', '9', '9', '6', '6', '6', '6', '6', '6', '6', '6']
mp-547956;MnV2O6;mp-547956;['Mn', 'V', 'V'];[2, 5, 5];['6', '6', '6']
mp-14368;SbAsO5;mp-14368;['Sb', 'Sb', 'Sb', 'Sb', 'As', 'As', 'As', 'As'];[5, 5, 5, 5, 5, 5, 5, 5];['6', '6', '6', '6', '4', '4', '4', '4']
mp-8090;Cu2P2O7;mp-8090;['P', 'P', 'Cu', 'Cu'];[5, 5, 2, 2];['4', '4', '6', '6']
mp-637201;Mo2P2O11;mp-637201;['Mo', 'Mo', 'Mo', 'Mo', 'Mo', 'Mo', 'Mo', 'Mo', 'P', 'P', 'P', 'P', 'P', 'P', 'P', 'P'];[6, 6, 6, 6, 6, 6, 6, 6, 5, 5, 5, 5, 5, 5, 5, 5];['6', '6', '6', '6', '6', '6', '6', '6', '4', '4', '4', '4', '4', '4', '4', '4']
mp-566111;VPO5;mp-566111;['V', 'V', 'P', 'P'];[5, 5, 5, 5];['6', '6', '4', '4']
mp-628951;V2P2O9;mp-628951;['V', 'V', 'V', 'V', 'V', 'V', 'V', 'V', 'P', 'P', 'P', 'P', 'P', 'P', 'P', 'P'];[4, 4, 4, 4, 4, 4, 4, 4, 5, 5, 5, 5, 5, 5, 5, 5];['6', '6', '6', '6', '6', '6', '6', '6', '4', '4', '4', '4', '4', '4', '4', '4']
mp-2173;P2O5;mp-2173;['P', 'P', 'P', 'P', 'P', 'P', 'P', 'P'];[5, 5, 5, 5, 5, 5, 5, 5];['4', '4', '4', '4', '4', '4', '4', '4']
mp-562181;Cr2P4O13;mp-562181;['Cr', 'Cr', 'Cr', 'Cr', 'Cr', 'Cr', 'Cr', 'Cr', 'P', 'P', 'P', 'P', 'P', 'P', 'P', 'P', 'P', 'P', 'P', 'P', 'P', 'P', 'P', 'P'];[3, 3, 3, 3, 3, 3, 3, 3, 5, 5, 5, 5, 5, 5, 5, 5, 5, 5, 5, 5, 5, 5, 5, 5];['6', '6', '6', '6', '6', '6', '6', '6', '4', '4', '4', '4', '4', '4', '4', '4', '4', '4', '4', '4', '4', '4', '4', '4']
mp-556654;SiO2;mp-556654;['Si', 'Si', 'Si', 'Si', 'Si', 'Si', 'Si', 'Si', 'Si', 'Si', 'Si', 'Si', 'Si', 'Si', 'Si', 'Si', 'Si', 'Si', 'Si', 'Si', 'Si', 'Si', 'Si', 'Si'];[4, 4, 4, 4, 4, 4, 4, 4, 4, 4, 4, 4, 4, 4, 4, 4, 4, 4, 4, 4, 4, 4, 4, 4];['4', '4', '4', '4', '4', '4', '4', '4', '4', '4', '4', '4', '4', '4', '4', '4', '4', '4', '4', '4', '4', '4', '4', '4']
mp-557189;LiPO3;mp-557189;['Li', 'Li', 'Li', 'Li', 'Li', 'Li', 'Li', 'Li', 'Li', 'Li', 'Li', 'Li', 'Li', 'Li', 'Li', 'Li', 'Li', 'Li', 'Li', 'Li', 'P', 'P', 'P', 'P', 'P', 'P', 'P', 'P', 'P', 'P', 'P', 'P', 'P', 'P', 'P', 'P', 'P', 'P', 'P', 'P'];[1, 1, 1, 1, 1, 1, 1, 1, 1, 1, 1, 1, 1, 1, 1, 1, 1, 1, 1, 1, 5, 5, 5, 5, 5, 5, 5, 5, 5, 5, 5, 5, 5, 5, 5, 5, 5, 5, 5, 5];['4', '4', '4', '4', '4', '4', '4', '4', '4', '4', '4', '4', '4', '4', '4', '4', '4', '4', '4', '4', '4', '4', '4', '4', '4', '4', '4', '4', '4', '4', '4', '4', '4', '4', '4', '4', '4', '4', '4', '4']
mp-555554;KGa(PO3)4;mp-555554;['K', 'K', 'Ga', 'Ga', 'P', 'P', 'P', 'P', 'P', 'P', 'P', 'P'];[1, 1, 3, 3, 5, 5, 5, 5, 5, 5, 5, 5];['8', '8', '6', '6', '4', '4', '4', '4', '4', '4', '4', '4']
mp-567081;MnP4O11;mp-567081;['Mn', 'Mn', 'Mn', 'Mn', 'P', 'P', 'P', 'P', 'P', 'P', 'P', 'P', 'P', 'P', 'P', 'P', 'P', 'P', 'P', 'P'];[2, 2, 2, 2, 5, 5, 5, 5, 5, 5, 5, 5, 5, 5, 5, 5, 5, 5, 5, 5];['6', '6', '6', '6', '4', '4', '4', '4', '4', '4', '4', '4', '4', '4', '4', '4', '4', '4', '4', '4']
mp-6442;LiAl(Si2O5)2;mp-6442;['Li', 'Li', 'Al', 'Al', 'Si', 'Si', 'Si', 'Si', 'Si', 'Si', 'Si', 'Si'];[1, 1, 3, 3, 4, 4, 4, 4, 4, 4, 4, 4];['4', '4', '4', '4', '4', '4', '4', '4', '4', '4', '4', '4']
mp-556469;SiO2;mp-556469;['Si', 'Si', 'Si', 'Si', 'Si', 'Si', 'Si', 'Si', 'Si', 'Si', 'Si', 'Si', 'Si', 'Si', 'Si', 'Si'];[4, 4, 4, 4, 4, 4, 4, 4, 4, 4, 4, 4, 4, 4, 4, 4];['4', '4', '4', '4', '4', '4', '4', '4', '4', '4', '4', '4', '4', '4', '4', '4']
mp-553945;SiO2;mp-553945;['Si', 'Si', 'Si', 'Si', 'Si', 'Si', 'Si', 'Si', 'Si', 'Si', 'Si', 'Si', 'Si', 'Si', 'Si', 'Si', 'Si', 'Si', 'Si', 'Si', 'Si', 'Si', 'Si', 'Si', 'Si', 'Si', 'Si', 'Si', 'Si', 'Si', 'Si', 'Si'];[4, 4, 4, 4, 4, 4, 4, 4, 4, 4, 4, 4, 4, 4, 4, 4, 4, 4, 4, 4, 4, 4, 4, 4, 4, 4, 4, 4, 4, 4, 4, 4];['4', '4', '4', '4', '4', '4', '4', '4', '4', '4', '4', '4', '4', '4', '4', '4', '4', '4', '4', '4', '4', '4', '4', '4', '4', '4', '4', '4', '4', '4', '4', '4']
mp-3552;Li2Si2O5;mp-3552;['Li', 'Li', 'Li', 'Li', 'Li', 'Li', 'Li', 'Li', 'Si', 'Si', 'Si', 'Si', 'Si', 'Si', 'Si', 'Si'];[1, 1, 1, 1, 1, 1, 1, 1, 4, 4, 4, 4, 4, 4, 4, 4];['4', '4', '4', '4', '4', '4', '4', '4', '4', '4', '4', '4', '4', '4', '4', '4']
mp-28883;GeP2O7;mp-28883;['P', 'P', 'P', 'P', 'Ge', 'Ge'];[5, 5, 5, 5, 4, 4];['4', '4', '4', '4', '6', '6']
mp-556591;SiO2;mp-556591;['Si', 'Si', 'Si', 'Si', 'Si', 'Si', 'Si', 'Si', 'Si', 'Si', 'Si', 'Si', 'Si', 'Si', 'Si', 'Si', 'Si', 'Si'];[4, 4, 4, 4, 4, 4, 4, 4, 4, 4, 4, 4, 4, 4, 4, 4, 4, 4];['4', '4', '4', '4', '4', '4', '4', '4', '4', '4', '4', '4', '4', '4', '4', '4', '4', '4']
mp-19395;MnO2;mp-19395;['Mn', 'Mn', 'Mn', 'Mn'];[4, 4, 4, 4];['6', '6', '6', '6']
mp-748;Ti5O9;mp-748;['Ti', 'Ti', 'Ti', 'Ti', 'Ti', 'Ti', 'Ti', 'Ti', 'Ti', 'Ti'];[4, 4, 4, 4, 3, 3, 3, 3, 4, 4];['6', '6', '6', '6', '6', '6', '6', '6', '6', '6']
mp-706490;Mo9O26;mp-706490;['Mo', 'Mo', 'Mo', 'Mo', 'Mo', 'Mo', 'Mo', 'Mo', 'Mo', 'Mo', 'Mo', 'Mo', 'Mo', 'Mo', 'Mo', 'Mo', 'Mo', 'Mo', 'Mo', 'Mo', 'Mo', 'Mo', 'Mo', 'Mo', 'Mo', 'Mo', 'Mo', 'Mo', 'Mo', 'Mo', 'Mo', 'Mo', 'Mo', 'Mo', 'Mo', 'Mo'];[6, 5, 6, 6, 6, 5, 6, 6, 5, 5, 6, 6, 6, 6, 6, 5, 6, 6, 6, 6, 6, 6, 5, 6, 5, 5, 6, 6, 6, 6, 6, 6, 6, 6, 6, 6];['6', '6', '6', '6', '6', '6', '6', '6', '6', '6', '6', '6', '6', '6', '6', '6', '6', '6', '6', '6', '6', '6', '6', '6', '6', '6', '6', '6', '6', '6', '6', '6', '6', '6', '6', '6']
mp-557894;SiO2;mp-557894;['Si', 'Si', 'Si', 'Si', 'Si', 'Si', 'Si', 'Si', 'Si', 'Si', 'Si', 'Si', 'Si', 'Si', 'Si', 'Si', 'Si', 'Si', 'Si', 'Si', 'Si', 'Si', 'Si', 'Si', 'Si', 'Si', 'Si', 'Si', 'Si', 'Si', 'Si', 'Si'];[4, 4, 4, 4, 4, 4, 4, 4, 4, 4, 4, 4, 4, 4, 4, 4, 4, 4, 4, 4, 4, 4, 4, 4, 4, 4, 4, 4, 4, 4, 4, 4];['4', '4', '4', '4', '4', '4', '4', '4', '4', '4', '4', '4', '4', '4', '4', '4', '4', '4', '4', '4', '4', '4', '4', '4', '4', '4', '4', '4', '4', '4', '4', '4']
mp-654301;Nb5P7O30;mp-654301;['Nb', 'Nb', 'Nb', 'Nb', 'Nb', 'Nb', 'Nb', 'Nb', 'Nb', 'Nb', 'P', 'P', 'P', 'P', 'P', 'P', 'P', 'P', 'P', 'P', 'P', 'P', 'P', 'P'];[5, 5, 5, 5, 5, 5, 5, 5, 5, 5, 5, 5, 5, 5, 5, 5, 5, 5, 5, 5, 5, 5, 5, 5];['6', '6', '6', '6', '6', '6', '6', '6', '6', '6', '4', '4', '4', '4', '4', '4', '4', '4', '4', '4', '4', '4', '4', '4']
mp-2414;SO3;mp-2414;['S', 'S', 'S', 'S', 'S', 'S', 'S', 'S', 'S', 'S', 'S', 'S'];[6, 6, 6, 6, 6, 6, 6, 6, 6, 6, 6, 6];['4', '4', '4', '4', '4', '4', '4', '4', '4', '4', '4', '4']
mp-557915;AlPO4;mp-557915;['Al', 'Al', 'Al', 'Al', 'Al', 'Al', 'P', 'P', 'P', 'P', 'P', 'P'];[3, 3, 3, 3, 3, 3, 5, 5, 5, 5, 5, 5];['4', '4', '4', '4', '4', '4', '4', '4', '4', '4', '4', '4']
mp-19401;CrPO4;mp-19401;['P', 'P', 'P', 'P', 'P', 'P', 'Cr', 'Cr', 'Cr', 'Cr', 'Cr', 'Cr'];[5, 5, 5, 5, 5, 5, 3, 3, 3, 3, 3, 3];['4', '4', '4', '4', '4', '4', '6', '6', '6', '6', '6', '6']
mp-560336;SiO2;mp-560336;['Si', 'Si', 'Si', 'Si', 'Si', 'Si', 'Si', 'Si', 'Si', 'Si', 'Si', 'Si', 'Si', 'Si', 'Si', 'Si', 'Si', 'Si', 'Si', 'Si', 'Si', 'Si', 'Si', 'Si', 'Si', 'Si', 'Si', 'Si', 'Si', 'Si', 'Si', 'Si'];[4, 4, 4, 4, 4, 4, 4, 4, 4, 4, 4, 4, 4, 4, 4, 4, 4, 4, 4, 4, 4, 4, 4, 4, 4, 4, 4, 4, 4, 4, 4, 4];['4', '4', '4', '4', '4', '4', '4', '4', '4', '4', '4', '4', '4', '4', '4', '4', '4', '4', '4', '4', '4', '4', '4', '4', '4', '4', '4', '4', '4', '4', '4', '4']
mp-505270;TiSO5;mp-505270;['Ti', 'Ti', 'Ti', 'Ti', 'S', 'S', 'S', 'S'];[4, 4, 4, 4, 6, 6, 6, 6];['6', '6', '6', '6', '4', '4', '4', '4']
mp-14646;Li2Mg2(SO4)3;mp-14646;['Li', 'Li', 'Li', 'Li', 'Li', 'Li', 'Li', 'Li', 'Mg', 'Mg', 'Mg', 'Mg', 'Mg', 'Mg', 'Mg', 'Mg', 'S', 'S', 'S', 'S', 'S', 'S', 'S', 'S', 'S', 'S', 'S', 'S'];[1, 1, 1, 1, 1, 1, 1, 1, 2, 2, 2, 2, 2, 2, 2, 2, 6, 6, 6, 6, 6, 6, 6, 6, 6, 6, 6, 6];['4', '4', '4', '4', '4', '4', '4', '4', '6', '6', '6', '6', '6', '6', '6', '6', '4', '4', '4', '4', '4', '4', '4', '4', '4', '4', '4', '4']
mp-5440;AlPO4;mp-5440;['Al', 'Al', 'Al', 'Al', 'Al', 'Al', 'Al', 'Al', 'Al', 'Al', 'Al', 'Al', 'Al', 'Al', 'Al', 'Al', 'Al', 'Al', 'Al', 'Al', 'Al', 'Al', 'Al', 'Al', 'P', 'P', 'P', 'P', 'P', 'P', 'P', 'P', 'P', 'P', 'P', 'P', 'P', 'P', 'P', 'P', 'P', 'P', 'P', 'P', 'P', 'P', 'P', 'P'];[3, 3, 3, 3, 3, 3, 3, 3, 3, 3, 3, 3, 3, 3, 3, 3, 3, 3, 3, 3, 3, 3, 3, 3, 5, 5, 5, 5, 5, 5, 5, 5, 5, 5, 5, 5, 5, 5, 5, 5, 5, 5, 5, 5, 5, 5, 5, 5];['4', '4', '4', '4', '4', '4', '4', '4', '4', '4', '4', '4', '4', '4', '4', '4', '4', '4', '4', '4', '4', '4', '4', '4', '4', '4', '4', '4', '4', '4', '4', '4', '4', '4', '4', '4', '4', '4', '4', '4', '4', '4', '4', '4', '4', '4', '4', '4']
mp-559550;SiO2;mp-559550;['Si', 'Si', 'Si', 'Si', 'Si', 'Si'];[4, 4, 4, 4, 4, 4];['4', '4', '4', '4', '4', '4']
mp-12787;SiO2;mp-12787;['Si', 'Si', 'Si', 'Si', 'Si', 'Si'];[4, 4, 4, 4, 4, 4];['4', '4', '4', '4', '4', '4']
mp-646895;SiO2;mp-646895;['Si', 'Si', 'Si', 'Si', 'Si', 'Si', 'Si', 'Si', 'Si', 'Si', 'Si', 'Si', 'Si', 'Si', 'Si', 'Si', 'Si', 'Si', 'Si', 'Si', 'Si', 'Si', 'Si', 'Si', 'Si', 'Si', 'Si', 'Si', 'Si', 'Si', 'Si', 'Si'];[4, 4, 4, 4, 4, 4, 4, 4, 4, 4, 4, 4, 4, 4, 4, 4, 4, 4, 4, 4, 4, 4, 4, 4, 4, 4, 4, 4, 4, 4, 4, 4];['4', '4', '4', '4', '4', '4', '4', '4', '4', '4', '4', '4', '4', '4', '4', '4', '4', '4', '4', '4', '4', '4', '4', '4', '4', '4', '4', '4', '4', '4', '4', '4']
mp-640556;SiO2;mp-640556;['Si', 'Si', 'Si', 'Si', 'Si', 'Si', 'Si', 'Si', 'Si', 'Si', 'Si', 'Si', 'Si', 'Si', 'Si', 'Si', 'Si', 'Si', 'Si', 'Si', 'Si', 'Si', 'Si', 'Si'];[4, 4, 4, 4, 4, 4, 4, 4, 4, 4, 4, 4, 4, 4, 4, 4, 4, 4, 4, 4, 4, 4, 4, 4];['4', '4', '4', '4', '4', '4', '4', '4', '4', '4', '4', '4', '4', '4', '4', '4', '4', '4', '4', '4', '4', '4', '4', '4']
mp-29164;SrBiO3;mp-29164;['Sr', 'Sr', 'Sr', 'Sr', 'Bi', 'Bi', 'Bi', 'Bi'];[2, 2, 2, 2, 3, 3, 5, 5];['9', '9', '9', '9', '6', '6', '6', '6']
mp-972384;V2Se2O11;mp-972384;['V', 'V', 'V', 'V', 'Se', 'Se', 'Se', 'Se'];[5, 5, 5, 5, 6, 6, 6, 6];['6', '6', '6', '6', '4', '4', '4', '4']
mp-6425;Li3In2(PO4)3;mp-6425;['Li', 'Li', 'Li', 'Li', 'Li', 'Li', 'P', 'P', 'P', 'P', 'P', 'P', 'In', 'In', 'In', 'In'];[1, 1, 1, 1, 1, 1, 5, 5, 5, 5, 5, 5, 3, 3, 3, 3];['4', '4', '4', '4', '4', '4', '4', '4', '4', '4', '4', '4', '6', '6', '6', '6']
mp-558065;In4(P2O7)3;mp-558065;['In', 'In', 'In', 'In', 'In', 'In', 'In', 'In', 'In', 'In', 'In', 'In', 'In', 'In', 'In', 'In', 'P', 'P', 'P', 'P', 'P', 'P', 'P', 'P', 'P', 'P', 'P', 'P', 'P', 'P', 'P', 'P', 'P', 'P', 'P', 'P', 'P', 'P', 'P', 'P'];[3, 3, 3, 3, 3, 3, 3, 3, 3, 3, 3, 3, 3, 3, 3, 3, 5, 5, 5, 5, 5, 5, 5, 5, 5, 5, 5, 5, 5, 5, 5, 5, 5, 5, 5, 5, 5, 5, 5, 5];['6', '6', '6', '6', '6', '6', '6', '6', '6', '6', '6', '6', '6', '6', '6', '6', '4', '4', '4', '4', '4', '4', '4', '4', '4', '4', '4', '4', '4', '4', '4', '4', '4', '4', '4', '4', '4', '4', '4', '4']
mp-647391;CeP5O14;mp-647391;['Ce', 'Ce', 'Ce', 'Ce', 'P', 'P', 'P', 'P', 'P', 'P', 'P', 'P', 'P', 'P', 'P', 'P', 'P', 'P', 'P', 'P', 'P', 'P', 'P', 'P'];[3, 3, 3, 3, 5, 5, 5, 5, 5, 5, 5, 5, 5, 5, 5, 5, 5, 5, 5, 5, 5, 5, 5, 5];['8', '8', '8', '8', '4', '4', '4', '4', '4', '4', '4', '4', '4', '4', '4', '4', '4', '4', '4', '4', '4', '4', '4', '4']
mp-560545;Na2Ca(AsO3)4;mp-560545;['Na', 'Na', 'Na', 'Na', 'Ca', 'Ca', 'As', 'As', 'As', 'As', 'As', 'As', 'As', 'As'];[1, 1, 1, 1, 2, 2, 5, 5, 5, 5, 5, 5, 5, 5];['6', '6', '6', '6', '8', '8', '4', '4', '4', '4', '4', '4', '4', '4']
mp-562613;P2O5;mp-562613;['P', 'P', 'P', 'P', 'P', 'P', 'P', 'P'];[5, 5, 5, 5, 5, 5, 5, 5];['4', '4', '4', '4', '4', '4', '4', '4']
mp-555487;SnO2;mp-555487;['Sn', 'Sn', 'Sn', 'Sn', 'Sn', 'Sn', 'Sn', 'Sn', 'Sn', 'Sn', 'Sn', 'Sn'];[4, 4, 4, 4, 4, 4, 4, 4, 4, 4, 4, 4];['6', '6', '6', '6', '6', '6', '6', '6', '6', '6', '6', '6']
mp-390;TiO2;mp-390;['Ti', 'Ti'];[4, 4];['6', '6']
mp-615993;SiO2;mp-615993;['Si', 'Si', 'Si', 'Si', 'Si', 'Si', 'Si', 'Si', 'Si', 'Si', 'Si', 'Si', 'Si', 'Si'];[4, 4, 4, 4, 4, 4, 4, 4, 4, 4, 4, 4, 4, 4];['4', '4', '4', '4', '4', '4', '4', '4', '4', '4', '4', '4', '4', '4']
mp-555982;Si2Ge3P6O25;mp-555982;['Si', 'Si', 'Si', 'Si', 'Ge', 'Ge', 'Ge', 'Ge', 'Ge', 'Ge', 'P', 'P', 'P', 'P', 'P', 'P', 'P', 'P', 'P', 'P', 'P', 'P'];[4, 4, 4, 4, 4, 4, 4, 4, 4, 4, 5, 5, 5, 5, 5, 5, 5, 5, 5, 5, 5, 5];['4', '4', '4', '4', '6', '6', '6', '6', '6', '6', '4', '4', '4', '4', '4', '4', '4', '4', '4', '4', '4', '4']
mp-554185;AlPO4;mp-554185;['Al', 'Al', 'Al', 'Al', 'Al', 'Al', 'Al', 'Al', 'Al', 'Al', 'Al', 'Al', 'Al', 'Al', 'Al', 'Al', 'P', 'P', 'P', 'P', 'P', 'P', 'P', 'P', 'P', 'P', 'P', 'P', 'P', 'P', 'P', 'P'];[3, 3, 3, 3, 3, 3, 3, 3, 3, 3, 3, 3, 3, 3, 3, 3, 5, 5, 5, 5, 5, 5, 5, 5, 5, 5, 5, 5, 5, 5, 5, 5];['4', '4', '4', '4', '4', '4', '4', '4', '4', '4', '4', '4', '4', '4', '4', '4', '4', '4', '4', '4', '4', '4', '4', '4', '4', '4', '4', '4', '4', '4', '4', '4']
mp-555899;Li2Si3O7;mp-555899;['Li', 'Li', 'Li', 'Li', 'Li', 'Li', 'Li', 'Li', 'Si', 'Si', 'Si', 'Si', 'Si', 'Si', 'Si', 'Si', 'Si', 'Si', 'Si', 'Si'];[1, 1, 1, 1, 1, 1, 1, 1, 4, 4, 4, 4, 4, 4, 4, 4, 4, 4, 4, 4];['4', '4', '4', '4', '4', '4', '4', '4', '4', '4', '4', '4', '4', '4', '4', '4', '4', '4', '4', '4']
mp-542814;SiO2;mp-542814;['Si', 'Si', 'Si', 'Si', 'Si', 'Si', 'Si', 'Si', 'Si', 'Si', 'Si', 'Si', 'Si', 'Si', 'Si', 'Si', 'Si', 'Si', 'Si', 'Si', 'Si', 'Si', 'Si', 'Si'];[4, 4, 4, 4, 4, 4, 4, 4, 4, 4, 4, 4, 4, 4, 4, 4, 4, 4, 4, 4, 4, 4, 4, 4];['4', '4', '4', '4', '4', '4', '4', '4', '4', '4', '4', '4', '4', '4', '4', '4', '4', '4', '4', '4', '4', '4', '4', '4']
mp-542478;MnVSbO6;mp-542478;['Sb', 'Sb', 'Sb', 'Sb', 'Mn', 'Mn', 'Mn', 'Mn', 'V', 'V', 'V', 'V'];[5, 5, 5, 5, 2, 2, 2, 2, 5, 5, 5, 5];['6', '6', '6', '6', '6', '6', '6', '6', '6', '6', '6', '6']
mp-1705;Sb2O5;mp-1705;['Sb', 'Sb', 'Sb', 'Sb'];[5, 5, 5, 5];['6', '6', '6', '6']
mp-680204;SiO2;mp-680204;['Si', 'Si', 'Si', 'Si', 'Si', 'Si', 'Si', 'Si', 'Si', 'Si', 'Si', 'Si', 'Si', 'Si', 'Si', 'Si', 'Si', 'Si', 'Si', 'Si', 'Si', 'Si'];[4, 4, 4, 4, 4, 4, 4, 4, 4, 4, 4, 4, 4, 4, 4, 4, 4, 4, 4, 4, 4, 4];['4', '4', '4', '4', '4', '4', '4', '4', '4', '4', '4', '4', '4', '4', '4', '4', '4', '4', '4', '4', '4', '4']
mp-505345;SrV2(P2O7)2;mp-505345;['P', 'P', 'P', 'P', 'V', 'V', 'Sr'];[5, 5, 5, 5, 3, 3, 2];['4', '4', '4', '4', '6', '6', '8']
mp-653763;SiO2;mp-653763;['Si', 'Si', 'Si', 'Si', 'Si', 'Si', 'Si', 'Si', 'Si', 'Si', 'Si', 'Si', 'Si', 'Si', 'Si', 'Si', 'Si', 'Si', 'Si', 'Si', 'Si', 'Si', 'Si', 'Si', 'Si', 'Si', 'Si', 'Si', 'Si', 'Si', 'Si', 'Si', 'Si', 'Si', 'Si', 'Si', 'Si', 'Si', 'Si', 'Si', 'Si', 'Si', 'Si', 'Si', 'Si', 'Si', 'Si', 'Si', 'Si', 'Si', 'Si', 'Si', 'Si', 'Si', 'Si', 'Si'];[4, 4, 4, 4, 4, 4, 4, 4, 4, 4, 4, 4, 4, 4, 4, 4, 4, 4, 4, 4, 4, 4, 4, 4, 4, 4, 4, 4, 4, 4, 4, 4, 4, 4, 4, 4, 4, 4, 4, 4, 4, 4, 4, 4, 4, 4, 4, 4, 4, 4, 4, 4, 4, 4, 4, 4];['4', '4', '4', '4', '4', '4', '4', '4', '4', '4', '4', '4', '4', '4', '4', '4', '4', '4', '4', '4', '4', '4', '4', '4', '4', '4', '4', '4', '4', '4', '4', '4', '4', '4', '4', '4', '4', '4', '4', '4', '4', '4', '4', '4', '4', '4', '4', '4', '4', '4', '4', '4', '4', '4', '4', '4']
mp-600080;SiO2;mp-600080;['Si', 'Si', 'Si', 'Si', 'Si', 'Si', 'Si', 'Si', 'Si', 'Si', 'Si', 'Si', 'Si', 'Si', 'Si', 'Si', 'Si', 'Si', 'Si', 'Si', 'Si', 'Si', 'Si', 'Si', 'Si', 'Si', 'Si', 'Si', 'Si', 'Si', 'Si', 'Si', 'Si', 'Si', 'Si', 'Si', 'Si', 'Si', 'Si', 'Si', 'Si', 'Si', 'Si', 'Si', 'Si', 'Si', 'Si', 'Si', 'Si', 'Si', 'Si', 'Si', 'Si', 'Si', 'Si', 'Si', 'Si', 'Si', 'Si', 'Si', 'Si', 'Si', 'Si', 'Si'];[4, 4, 4, 4, 4, 4, 4, 4, 4, 4, 4, 4, 4, 4, 4, 4, 4, 4, 4, 4, 4, 4, 4, 4, 4, 4, 4, 4, 4, 4, 4, 4, 4, 4, 4, 4, 4, 4, 4, 4, 4, 4, 4, 4, 4, 4, 4, 4, 4, 4, 4, 4, 4, 4, 4, 4, 4, 4, 4, 4, 4, 4, 4, 4];['4', '4', '4', '4', '4', '4', '4', '4', '4', '4', '4', '4', '4', '4', '4', '4', '4', '4', '4', '4', '4', '4', '4', '4', '4', '4', '4', '4', '4', '4', '4', '4', '4', '4', '4', '4', '4', '4', '4', '4', '4', '4', '4', '4', '4', '4', '4', '4', '4', '4', '4', '4', '4', '4', '4', '4', '4', '4', '4', '4', '4', '4', '4', '4']
mp-557803;MgSiO3;mp-557803;['Mg', 'Mg', 'Mg', 'Mg', 'Mg', 'Mg', 'Mg', 'Mg', 'Si', 'Si', 'Si', 'Si', 'Si', 'Si', 'Si', 'Si'];[2, 2, 2, 2, 2, 2, 2, 2, 4, 4, 4, 4, 4, 4, 4, 4];['6', '6', '6', '6', '6', '6', '6', '6', '4', '4', '4', '4', '4', '4', '4', '4']
mp-555521;SiO2;mp-555521;['Si', 'Si', 'Si', 'Si', 'Si', 'Si', 'Si', 'Si', 'Si', 'Si', 'Si', 'Si', 'Si', 'Si', 'Si', 'Si', 'Si', 'Si', 'Si', 'Si', 'Si', 'Si', 'Si', 'Si', 'Si', 'Si', 'Si', 'Si', 'Si', 'Si', 'Si', 'Si'];[4, 4, 4, 4, 4, 4, 4, 4, 4, 4, 4, 4, 4, 4, 4, 4, 4, 4, 4, 4, 4, 4, 4, 4, 4, 4, 4, 4, 4, 4, 4, 4];['4', '4', '4', '4', '4', '4', '4', '4', '4', '4', '4', '4', '4', '4', '4', '4', '4', '4', '4', '4', '4', '4', '4', '4', '4', '4', '4', '4', '4', '4', '4', '4']
mp-32895;SiO2;mp-32895;['Si', 'Si', 'Si', 'Si', 'Si', 'Si', 'Si', 'Si', 'Si', 'Si', 'Si', 'Si', 'Si', 'Si', 'Si', 'Si', 'Si', 'Si', 'Si', 'Si', 'Si', 'Si', 'Si', 'Si', 'Si', 'Si', 'Si', 'Si', 'Si', 'Si', 'Si', 'Si', 'Si', 'Si', 'Si', 'Si', 'Si', 'Si', 'Si', 'Si', 'Si', 'Si', 'Si', 'Si', 'Si', 'Si', 'Si', 'Si'];[4, 4, 4, 4, 4, 4, 4, 4, 4, 4, 4, 4, 4, 4, 4, 4, 4, 4, 4, 4, 4, 4, 4, 4, 4, 4, 4, 4, 4, 4, 4, 4, 4, 4, 4, 4, 4, 4, 4, 4, 4, 4, 4, 4, 4, 4, 4, 4];['4', '4', '4', '4', '4', '4', '4', '4', '4', '4', '4', '4', '4', '4', '4', '4', '4', '4', '4', '4', '4', '4', '4', '4', '4', '4', '4', '4', '4', '4', '4', '4', '4', '4', '4', '4', '4', '4', '4', '4', '4', '4', '4', '4', '4', '4', '4', '4']
mp-559091;SiO2;mp-559091;['Si', 'Si', 'Si', 'Si'];[4, 4, 4, 4];['4', '4', '4', '4']
mp-17909;SiO2;mp-17909;['Si', 'Si', 'Si', 'Si', 'Si', 'Si', 'Si', 'Si', 'Si', 'Si', 'Si', 'Si'];[4, 4, 4, 4, 4, 4, 4, 4, 4, 4, 4, 4];['4', '4', '4', '4', '4', '4', '4', '4', '4', '4', '4', '4']
mp-17279;SiO2;mp-17279;['Si', 'Si', 'Si', 'Si', 'Si', 'Si', 'Si', 'Si', 'Si', 'Si', 'Si', 'Si', 'Si', 'Si', 'Si', 'Si'];[4, 4, 4, 4, 4, 4, 4, 4, 4, 4, 4, 4, 4, 4, 4, 4];['4', '4', '4', '4', '4', '4', '4', '4', '4', '4', '4', '4', '4', '4', '4', '4']
mp-561065;MgTi2(PO5)2;mp-561065;['Mg', 'Mg', 'Ti', 'Ti', 'Ti', 'Ti', 'P', 'P', 'P', 'P'];[2, 2, 4, 4, 4, 4, 5, 5, 5, 5];['6', '6', '6', '6', '6', '6', '4', '4', '4', '4']
mp-29222;Ba2Si3O8;mp-29222;['Si', 'Si', 'Si', 'Si', 'Si', 'Si', 'Si', 'Si', 'Si', 'Si', 'Si', 'Si', 'Ba', 'Ba', 'Ba', 'Ba', 'Ba', 'Ba', 'Ba', 'Ba'];[4, 4, 4, 4, 4, 4, 4, 4, 4, 4, 4, 4, 2, 2, 2, 2, 2, 2, 2, 2];['4', '4', '4', '4', '4', '4', '4', '4', '4', '4', '4', '4', '8', '8', '8', '8', '8', '8', '8', '8']
mp-28549;Li8SiO6;mp-28549;['Li', 'Li', 'Li', 'Li', 'Li', 'Li', 'Li', 'Li', 'Li', 'Li', 'Li', 'Li', 'Li', 'Li', 'Li', 'Li', 'Si', 'Si'];[1, 1, 1, 1, 1, 1, 1, 1, 1, 1, 1, 1, 1, 1, 1, 1, 4, 4];['4', '4', '4', '4', '4', '4', '4', '4', '4', '4', '4', '4', '4', '4', '4', '4', '4', '4']
mp-1147;Ti3O5;mp-1147;['Ti', 'Ti', 'Ti', 'Ti', 'Ti', 'Ti'];[3, 3, 3, 3, 4, 4];['6', '6', '6', '6', '6', '6']
mp-4556;Li2SO4;mp-4556;['Li', 'Li', 'Li', 'Li', 'Li', 'Li', 'Li', 'Li', 'S', 'S', 'S', 'S'];[1, 1, 1, 1, 1, 1, 1, 1, 6, 6, 6, 6];['4', '4', '4', '4', '4', '4', '4', '4', '4', '4', '4', '4']
mp-27519;SeO3;mp-27519;['Se', 'Se', 'Se', 'Se', 'Se', 'Se', 'Se', 'Se'];[6, 6, 6, 6, 6, 6, 6, 6];['4', '4', '4', '4', '4', '4', '4', '4']
mp-561397;SO3;mp-561397;['S', 'S', 'S', 'S'];[6, 6, 6, 6];['4', '4', '4', '4']
mp-683883;AlPO4;mp-683883;['Al', 'Al', 'Al', 'Al', 'Al', 'Al', 'Al', 'Al', 'Al', 'Al', 'Al', 'Al', 'Al', 'Al', 'Al', 'Al', 'Al', 'Al', 'Al', 'Al', 'Al', 'Al', 'Al', 'Al', 'Al', 'Al', 'Al', 'Al', 'Al', 'Al', 'Al', 'Al', 'P', 'P', 'P', 'P', 'P', 'P', 'P', 'P', 'P', 'P', 'P', 'P', 'P', 'P', 'P', 'P', 'P', 'P', 'P', 'P', 'P', 'P', 'P', 'P', 'P', 'P', 'P', 'P', 'P', 'P', 'P', 'P'];[3, 3, 3, 3, 3, 3, 3, 3, 3, 3, 3, 3, 3, 3, 3, 3, 3, 3, 3, 3, 3, 3, 3, 3, 3, 3, 3, 3, 3, 3, 3, 3, 5, 5, 5, 5, 5, 5, 5, 5, 5, 5, 5, 5, 5, 5, 5, 5, 5, 5, 5, 5, 5, 5, 5, 5, 5, 5, 5, 5, 5, 5, 5, 5];['4', '4', '4', '4', '4', '4', '4', '4', '4', '4', '4', '4', '4', '4', '4', '4', '4', '4', '4', '4', '4', '4', '4', '4', '4', '4', '4', '4', '4', '4', '4', '4', '4', '4', '4', '4', '4', '4', '4', '4', '4', '4', '4', '4', '4', '4', '4', '4', '4', '4', '4', '4', '4', '4', '4', '4', '4', '4', '4', '4', '4', '4', '4', '4']
mp-1840;TiO2;mp-1840;['Ti', 'Ti', 'Ti', 'Ti', 'Ti', 'Ti', 'Ti', 'Ti'];[4, 4, 4, 4, 4, 4, 4, 4];['6', '6', '6', '6', '6', '6', '6', '6']
mp-559530;Ti5(PO5)4;mp-559530;['Ti', 'Ti', 'Ti', 'Ti', 'Ti', 'Ti', 'Ti', 'Ti', 'Ti', 'Ti', 'Ti', 'Ti', 'Ti', 'Ti', 'Ti', 'Ti', 'Ti', 'Ti', 'Ti', 'Ti', 'P', 'P', 'P', 'P', 'P', 'P', 'P', 'P', 'P', 'P', 'P', 'P', 'P', 'P', 'P', 'P'];[4, 4, 4, 4, 4, 4, 4, 4, 4, 4, 4, 4, 4, 4, 4, 4, 4, 4, 4, 4, 5, 5, 5, 5, 5, 5, 5, 5, 5, 5, 5, 5, 5, 5, 5, 5];['6', '6', '6', '6', '6', '6', '6', '6', '6', '6', '6', '6', '6', '6', '6', '6', '6', '6', '6', '6', '4', '4', '4', '4', '4', '4', '4', '4', '4', '4', '4', '4', '4', '4', '4', '4']
mp-669426;SiO2;mp-669426;['Si', 'Si', 'Si', 'Si', 'Si', 'Si', 'Si', 'Si'];[4, 4, 4, 4, 4, 4, 4, 4];['4', '4', '4', '4', '4', '4', '4', '4']
mp-541338;AlPO4;mp-541338;['Al', 'Al', 'Al', 'Al', 'Al', 'Al', 'Al', 'Al', 'Al', 'Al', 'Al', 'Al', 'P', 'P', 'P', 'P', 'P', 'P', 'P', 'P', 'P', 'P', 'P', 'P'];[3, 3, 3, 3, 3, 3, 3, 3, 3, 3, 3, 3, 5, 5, 5, 5, 5, 5, 5, 5, 5, 5, 5, 5];['4', '4', '4', '4', '4', '4', '4', '4', '4', '4', '4', '4', '4', '4', '4', '4', '4', '4', '4', '4', '4', '4', '4', '4']
mp-561090;SiO2;mp-561090;['Si', 'Si', 'Si', 'Si', 'Si', 'Si', 'Si', 'Si', 'Si', 'Si', 'Si', 'Si', 'Si', 'Si', 'Si', 'Si', 'Si', 'Si', 'Si', 'Si', 'Si', 'Si', 'Si', 'Si', 'Si', 'Si', 'Si', 'Si', 'Si', 'Si', 'Si', 'Si', 'Si', 'Si'];[4, 4, 4, 4, 4, 4, 4, 4, 4, 4, 4, 4, 4, 4, 4, 4, 4, 4, 4, 4, 4, 4, 4, 4, 4, 4, 4, 4, 4, 4, 4, 4, 4, 4];['4', '4', '4', '4', '4', '4', '4', '4', '4', '4', '4', '4', '4', '4', '4', '4', '4', '4', '4', '4', '4', '4', '4', '4', '4', '4', '4', '4', '4', '4', '4', '4', '4', '4']
mp-565247;K2Mo3(AsO5)4;mp-565247;['K', 'K', 'K', 'K', 'Mo', 'Mo', 'Mo', 'Mo', 'Mo', 'Mo', 'As', 'As', 'As', 'As', 'As', 'As', 'As', 'As'];[1, 1, 1, 1, 6, 6, 6, 6, 6, 6, 5, 5, 5, 5, 5, 5, 5, 5];['8', '8', '8', '8', '6', '6', '6', '6', '6', '6', '4', '4', '4', '4', '4', '4', '4', '4']
mp-667368;SiO2;mp-667368;['Si', 'Si', 'Si', 'Si', 'Si', 'Si', 'Si', 'Si', 'Si', 'Si', 'Si', 'Si', 'Si', 'Si', 'Si', 'Si', 'Si', 'Si', 'Si', 'Si', 'Si', 'Si', 'Si', 'Si', 'Si', 'Si', 'Si', 'Si', 'Si', 'Si', 'Si', 'Si'];[4, 4, 4, 4, 4, 4, 4, 4, 4, 4, 4, 4, 4, 4, 4, 4, 4, 4, 4, 4, 4, 4, 4, 4, 4, 4, 4, 4, 4, 4, 4, 4];['4', '4', '4', '4', '4', '4', '4', '4', '4', '4', '4', '4', '4', '4', '4', '4', '4', '4', '4', '4', '4', '4', '4', '4', '4', '4', '4', '4', '4', '4', '4', '4']
mp-32447;V4As2O13;mp-32447;['V', 'V', 'V', 'V', 'As', 'As'];[4, 4, 4, 4, 5, 5];['6', '6', '6', '6', '4', '4']
mp-556454;SiO2;mp-556454;['Si', 'Si', 'Si', 'Si', 'Si', 'Si', 'Si', 'Si', 'Si', 'Si', 'Si', 'Si', 'Si', 'Si', 'Si', 'Si'];[4, 4, 4, 4, 4, 4, 4, 4, 4, 4, 4, 4, 4, 4, 4, 4];['4', '4', '4', '4', '4', '4', '4', '4', '4', '4', '4', '4', '4', '4', '4', '4']
mp-5285;SrSO4;mp-5285;['S', 'S', 'S', 'S', 'Sr', 'Sr', 'Sr', 'Sr'];[6, 6, 6, 6, 2, 2, 2, 2];['4', '4', '4', '4', '9', '9', '9', '9']
mp-556724;Ti7O13;mp-556724;['Ti', 'Ti', 'Ti', 'Ti', 'Ti', 'Ti', 'Ti', 'Ti', 'Ti', 'Ti', 'Ti', 'Ti', 'Ti', 'Ti'];[3, 3, 4, 4, 4, 4, 3, 3, 4, 4, 4, 4, 4, 4];['6', '6', '6', '6', '6', '6', '6', '6', '6', '6', '6', '6', '6', '6']
mp-510127;V6O11;mp-510127;['V', 'V', 'V', 'V', 'V', 'V', 'V', 'V', 'V', 'V', 'V', 'V'];[4, 4, 4, 4, 3, 3, 3, 3, 4, 4, 4, 4];['6', '6', '6', '6', '6', '6', '6', '6', '6', '6', '6', '6']
mp-578793;V2P2O9;mp-578793;['V', 'V', 'V', 'V', 'V', 'V', 'V', 'V', 'V', 'V', 'V', 'V', 'V', 'V', 'V', 'V', 'P', 'P', 'P', 'P', 'P', 'P', 'P', 'P', 'P', 'P', 'P', 'P', 'P', 'P', 'P', 'P'];[4, 4, 4, 4, 4, 4, 4, 4, 4, 4, 4, 4, 4, 4, 4, 4, 5, 5, 5, 5, 5, 5, 5, 5, 5, 5, 5, 5, 5, 5, 5, 5];['6', '6', '6', '6', '6', '6', '6', '6', '6', '6', '6', '6', '6', '6', '6', '6', '4', '4', '4', '4', '4', '4', '4', '4', '4', '4', '4', '4', '4', '4', '4', '4']
mp-4888;NbPO5;mp-4888;['P', 'P', 'Nb', 'Nb'];[5, 5, 5, 5];['4', '4', '6', '6']
